Date,Name,Distance,City
2020-12-28,The Drop Huddersfield,30.0 mi • 15.0 mi • 10.0 mi,Huddersfield
2021-01-09,The Drop York – Winter Special,15.0 mi • 10.0 mi,York
2021-02-06,Hamsterley Forest 10K & Half Marathon - February,26.2 mi • 13.1 mi • 6.2 mi,"Hamster, Redford"
2021-04-04,Discover Run the Wild,13.1 mi,Tring
2021-05-24,Berghaus Dragon’s Back,195.7 mi,Conwy
2023-09-17,Lancaster Marathon,26.1 mi,Lancaster
2109-03-03,Berkhamsted Half Marathon & Fun Run,13.1 mi • 5.0 mi,Berkhamsted
2109-03-03,Ron Hill Accrington 10k & 1 Mile Fun Run,6.2 mi,Accrington
2020-11-29,The I Can Run Ipswich Winter Runderland 5K,3.1 mi • 1.6 mi,Ipswich
2020-12-05,Spartan Stadion - Twickenham Stadium,3.1 mi • 1.2 mi • 0.6 mi,Twickenham
2020-12-05,"Nottingham Christmas Marathon, Half, 5K & 1 Mile Fun Run",26.2 mi • 13.1 mi • 6.2 mi • 3.1 mi • 1.0 mi,Nottingham
2020-12-05,Battersea Park 5k & 10k - December,6.2 mi • 3.1 mi,London
2020-12-05,Run Richmond Park 5k and 10k Race 14,6.2 mi • 3.1 mi,Richmond
2020-12-05,Salisbury Plain Marathon/Half Marathon,26.2 mi • 13.1 mi,Shipton Bellinger
2020-12-05,Maverick Adidas Terrex Original - Oxfordshire,13.7 mi • 6.8 mi • 5.0 mi,Stonor
2020-12-06,RunThrough Goodwood Motor Circuit Grand Prix - December,26.2 mi • 20.0 mi • 13.1 mi • 6.2 mi • 3.1 mi,Chichester
2020-12-06,Running Grand Prix Oulton Park – December,26.2 mi • 20.0 mi • 16.0 mi • 13.0 mi • 6.2 mi • 3.1 mi,Tarporley
2020-12-06,Southampton Common 10k,6.2 mi,Southampton
2020-12-06,PieAthlon - Yorkshire,3.7 mi,Huddersfield
2020-12-06,Rayne'deer Run,26.2 mi,Rayne
2020-12-06,Vale of Clwyd Half Marathon,13.1 mi,Llandyrnog
2020-12-09,Chase The Moon Olympic Park – December,6.2 mi • 3.1 mi,London
2020-12-12,Olympic Park 5k & 10k - December,6.2 mi • 3.1 mi,London
2020-12-12,Grizzly Bear 10K,6.2 mi,London
2020-12-12,Festive Forest Challenge,20.0 mi • 13.1 mi • 6.2 mi,Bury Saint Edmunds
2020-12-13,Milton Keynes Winter Half Marathon,13.1 mi,Milton Keynes
2020-12-13,"Draycote Water, Santa Dash 10K and 5 Mile - December",6.2 mi • 5.0 mi,Kites Hardwick
2020-12-13,"Run Aintree 5K, 10K & Half - December",13.1 mi • 6.2 mi • 3.1 mi,Liverpool
2020-12-19,Sheffield Santa Ho Ho Glow! Fun Run/Walk,6.2 mi • 3.1 mi,Sheffield
2020-12-19,RunThrough Lee Valley VeloPark – December,13.1 mi • 10.0 mi • 6.2 mi • 3.1 mi • 1.0 mi,London
2020-12-20,"Bolton Bauble 5k, 10k, and Fun Run",6.2 mi • 3.1 mi • 1.0 mi,Bolton
2020-12-22,Clwydian Midweek Series - Moel Gyw,4.0 mi,Ruthin
2020-11-14,Tollymore Trail Marathon Events,40.0 mi • 26.2 mi • 13.1 mi • 6.2 mi,Newcastle
2020-11-14,Golden Leaf 10K,6.2 mi,London
2020-11-14,Maverick Adidas Terrex Original - Hampshire,13.7 mi • 8.1 mi • 4.3 mi,Liphook
2020-11-14,Jack the Ripper Running Tour - Walk/Run,6.2 mi,London
2020-11-15,Blackburn 10K - November,6.2 mi • 1.0 mi,Blackburn
2020-11-15,St Neots Half Marathon,13.1 mi • 1.9 mi,Eynesbury
2020-11-15,Coventry 10k,6.2 mi,Coventry
2020-11-15,The Regent's Park 10k,6.2 mi • 2.0 mi • 0.5 mi,London
2020-11-15,The Coalville 10k,6.2 mi • 0.6 mi,Coalville
2020-11-15,Richmond Park Half Marathon - November,13.1 mi,Richmond
2020-11-15,Conwy Half Marathon,13.1 mi • 1.0 mi,Conwy
2020-11-21,The Wendover Woods Autumn Festival of Running,10.0 mi • 6.2 mi • 5.0 mi • 3.1 mi • 1.9 mi • 0.6 mi,Aylesbury
2020-11-21,Jack the Ripper Running Tour - Steady (10k in 10 - 12 minute miles),6.2 mi,London
2020-11-22,Hertfordshire Half Marathon,13.1 mi,Stevenage
2020-11-22,"Strathclyde Loch Marathon, Half & Fun Run",26.2 mi • 13.1 mi • 1.0 mi,Bellshill
2020-11-22,Beddington Park 10K,6.2 mi,Wallington
2020-11-22,Beyond S.A.D,6.2 mi • 3.1 mi,London
2020-11-24,Clwydian Midweek Series - Moel Plas YW,4.0 mi,Denbigh
2020-11-28,The Sherwood Pines Half Marathon & 10K,13.1 mi • 6.2 mi,Edwinstowe
2020-11-28,RunThrough Lee Valley VeloPark – November,13.1 mi • 10.0 mi • 6.2 mi • 3.1 mi • 1.0 mi,London
2020-11-28,Jack the Ripper Running Tour - Speedy (10K at 10 min/mile pace),6.2 mi,London
2020-11-29,"Kempton Park 5K, 10K & Half Marathon - November",13.1 mi • 6.2 mi • 3.1 mi,Sunbury-on-Thames
2020-11-29,The Bushy Christmas 10K & 5K,6.2 mi • 3.1 mi,Molesey
2020-11-29,Lancing Seafront 10K,6.2 mi,Lancing
2020-10-31,Time2Trick or Treat 5K,3.1 mi,Bolton
2020-10-31,Craft Beer of the East End Running Tour - Pace 1 (sub 11 minute miles),5.0 mi,London
2020-11-01,Queen Elizabeth Olympic Park Half Marathon,,London
2020-11-01,"Run Heaton 5k, 10k & Half Marathon – November",13.1 mi • 6.2 mi • 3.1 mi,Manchester
2020-11-01,Reading Rivermead 10k,6.2 mi,Reading
2020-11-01,Grand Union Canal Half Marathon – November,13.1 mi,Uxbridge
2020-11-01,The M & S Electrical Beckley 10K,6.2 mi • 2.0 mi • 0.3 mi,Beckley
2020-11-01,Run For Halloween 5km – Reading,3.1 mi,Reading
2020-11-02,Halloween Fun Run Castle Eden,6.2 mi,Peterlee
2020-11-05,Draycote Water November - 10k & 10 Mile,10.0 mi • 6.2 mi,Kites Hardwick
2020-11-06,White Rose Ultra,150.0 mi • 100.0 mi • 60.0 mi • 30.0 mi,Huddersfield
2020-11-07,Thames Meander Marathon & Half – Winter,26.2 mi • 13.1 mi,Kingston upon Thames
2020-11-07,QE Olympic Park 10K – November,6.2 mi,London
2020-11-07,Dambuster 10,10.0 mi,Bamford
2020-11-07,The Bedgebury Autumn 10K & 5K Canicross Challenge,6.2 mi • 3.1 mi,Goudhurst
2020-11-07,Brewery Trail Run 10K,6.2 mi,Tring Station
2020-11-07,Jack the Ripper Running Tour - Steady (10k in 10 - 12 minute miles),6.2 mi,London
2020-11-07,Poppy Half Marathon,62.1 mi • 13.1 mi • 6.2 mi • 3.1 mi,Bexhill-on-Sea
2020-11-08,The Bedgebury Forest Half Marathon & 10K,13.1 mi • 6.2 mi,Goudhurst
2020-11-08,Run Tatton Half Marathon - November,13.1 mi,Knutsford
2020-11-08,Remembrance Sunday - Marathon & 6hr Challenge,26.2 mi,Brightlingsea
2020-11-10,Richmond Park Half Marathon - November,13.0 mi,Richmond
2020-11-11,Chase the Moon Olympic Park - November,6.2 mi • 3.1 mi,London
2020-11-11,Hell of A Hill Marathon 5 Day Challenge,130.0 mi • 26.2 mi,Heath Charnock
2020-10-18,Four Season Autumn 6 Hour Challenge,4.4 mi,Bedford
2020-10-18,Asda Foundation Yorkshire Marathon,26.2 mi,York
2020-10-18,Aviemore Half Marathon & 10k,13.1 mi • 6.2 mi,Glenmore
2020-10-18,Inspire Trail Running Festival,6.2 mi,Cefn-coed-y-cymmer
2020-10-23,Jack the Ripper Running Tour - Walk/Run,6.2 mi,London
2020-10-24,Battersea Park 5K & 10K - October,6.2 mi • 3.1 mi,London
2020-10-24,Chaparral Abersoch Half Marathon,13.1 mi • 1.2 mi,Abersoch
2020-10-24,Thames Trot 50 – The Return of the Boat Race,50.0 mi,Oxford
2020-10-24,Porth Eirias 10K,6.2 mi,Colwyn Bay
2020-10-24,Abersoch Half Marathon,13.1 mi,Abersoch
2020-10-25,Age UK Leeds Abbey Dash,6.2 mi,Leeds
2020-10-25,RunThrough - Leicestershire 10K,6.2 mi,Prestwold
2020-10-25,The Cannock Chase Half Marathon & 10K,13.1 mi • 6.2 mi,Rugeley
2020-10-25,K2 Crawley 10K,6.2 mi • 0.3 mi,Crawley
2020-10-25,Ascott under Wychwood 5k & 10k,6.2 mi • 3.1 mi,Chipping Norton
2020-10-25,Shoreditch Street Art Running Tour - Steady (10 - 12 minute mile) and Speedy (Less than 10 min/mile),6.2 mi,London
2020-10-25,Rugby Half Marathon,0.6 mi,Rugby
2020-10-27,Clwydian Midweek Series - Penycloddiau,4.2 mi,Nannerch
2020-10-27,Shoreditch Street Art Running Tour - Speedy (10 minute miles or faster),6.2 mi,London
2020-10-29,Cattle Creepy 10K,6.2 mi,Wolverton
2020-10-30,Jack the Ripper Running Tour - Speedy (10K at 10 min/mile pace),6.2 mi,London
2020-10-30,Craft Beer of the East End Running Tour - Pace 2 (11-13 minute miles),5.0 mi,London
2020-10-31,Maverick Adidas Terrex Original - Wiltshire,13.7 mi • 7.5 mi • 3.7 mi,Netherhampton
2020-10-31,Runthrough Lee Valley VeloPark – October,13.1 mi • 10.0 mi • 6.2 mi • 3.1 mi • 1.0 mi,London
2020-10-11,Eden Project Marathon Half Marathon,13.1 mi,Saint Austell
2020-10-11,Eden Marathon Half Marathon,26.2 mi • 13.1 mi,Par
2020-10-11,Exeters Great West Run,13.1 mi,Exeter
2020-10-11,Autumn Breaker 10K,6.2 mi,Blackpool
2020-10-13,Grizzly Bear Challenge,,Ryton-on-Dunsmore
2020-10-14,Chase The Moon Olympic Park - October,6.2 mi • 3.1 mi,London
2020-10-14,The Secret Gin Run 10K - Speedy (sub 10mins/mile),6.2 mi,London
2020-10-16,Jack the Ripper Running Tour - Steady (10k in 10 - 12 minute miles),6.2 mi,London
2020-10-17,Great South Run,10.0 mi • 3.1 mi • 1.6 mi • 0.9 mi,Portsmouth
2020-10-17,RunThrough Hyde Park 5K & 10K - October,6.2 mi • 3.1 mi,London
2020-10-17,Maverick Adidas Terrex X & Ultra Jurassic Coast,82.0 mi • 32.9 mi • 27.3 mi • 13.0 mi • 8.7 mi,Wareham
2020-10-17,"Kings Forest Trail Ultra Marathon, Marathon & Half",31.1 mi • 26.2 mi,Bury Saint Edmunds
2020-10-18,Holme Pierrepont Half Marathon,13.1 mi,Holme Pierrepont
2020-10-18,The Yorkshire Marathon,26.2 mi,York
2020-10-18,RunThrough Bedford Autodrome Grand Prix  – October,26.2 mi • 20.0 mi • 16.0 mi • 13.1 mi • 6.2 mi • 3.1 mi,Bedford
2020-10-18,Holme Pierrepont 20,20.0 mi,Holme Pierrepont
2020-10-18,Holme Pierrepont 10k,6.2 mi,Holme Pierrepont
2020-10-18,Cheshire 10k - October,6.2 mi,Northwich
2020-10-18,The Woodchurch 10 & 5 Mile,10.0 mi • 5.0 mi • 1.0 mi,Woodchurch
2020-10-18,Beyond New Forest Trail,13.1 mi • 9.9 mi • 6.2 mi,Brockenhurst
2020-10-18,Worthing Seafront 10k,6.2 mi,Worthing
2020-10-18,Hamsterley Forest 10K & Half Marathon - October,13.1 mi • 6.2 mi,"Hamster, Redford"
2020-10-18,Holme Pierrepont 5k,3.1 mi,Holme Pierrepont
2020-10-18,Asda Foundation Yorkshire 10 Mile,10.0 mi,York
2020-10-09,Jack the Ripper Running Tour - Speedy (10K at 10 min/mile pace),6.2 mi,London
2020-10-10,Whinlatter Beast 10 & 5 Mile,10.0 mi • 5.0 mi,Keswick
2020-10-10,Tweed Valley Tunnel Trail Run,12.4 mi • 6.2 mi • 2.5 mi,Peebles
2020-10-10,Loggerheads Trail 5 & 10 Mile,10.0 mi • 5.0 mi,Mold
2020-10-10,Leicestershire Round Series Leg 3,34.8 mi,Cossington
2020-10-10,The Race with No Name Event and Challenge (Dartmoor Crossing),35.0 mi,Drewsteignton
2020-10-10,The Drop Manchester - October,15.0 mi • 10.0 mi,Manchester
2020-10-10,The Secret Gin Run 10K - Walk-run & Steady pace (10-12mins/mile),6.2 mi,London
2020-10-10,Gaelforce 10k Howth Summit,6.2 mi,Dublin
2020-10-10,Stirling Scottish Marathon,26.2 mi • 13.1 mi • 3.1 mi • 1.0 mi,Stirling
2020-10-10,Autumn 100,100.0 mi,Goring
2020-10-11,Great Birmingham Run,13.1 mi,Birmingham
2020-10-11,Royal Parks Half Marathon,13.1 mi,London
2020-10-11,Exeter’s Great West Run,13.1 mi,Exeter
2020-10-11,London Lightning 5k & 10k Run - Olympic Park,6.2 mi • 3.1 mi,London
2020-10-11,The Tonbridge Half Marathon,13.1 mi,Tonbridge
2020-10-11,Wimbledon Common Half Marathon – October,13.1 mi,London
2020-10-11,Wimbledon Half - October,13.1 mi,London
2020-10-11,"Burton Marathon, Half Marathon, 10k and 5k",26.1 mi • 13.0 mi • 6.2 mi • 3.1 mi,Litton Cheney
2020-10-11,"Draycote Water October - 10K, Half Marathon",13.1 mi • 6.2 mi,Rugby
2020-10-11,Hamsterley Beast Half Marathon & 10k,13.1 mi • 6.2 mi,"Hamster, Redford"
2020-10-11,RunThrough Tatton 10K – October,6.2 mi,Knutsford
2020-10-11,Sheffield City 10k,6.2 mi,Sheffield
2020-10-11,The Secret Gin Run 10K - Speedy (sub 10mins/mile) & Steady (10-12mins/mile),6.2 mi,London
2020-09-27,Bristol Half Marathon,13.1 mi,Bristol
2020-09-27,Robin Hood Festival Of Running,13.1 mi • 1.5 mi,Nottingham
2020-09-27,BHF Blenheim Palace Half Marathon,13.1 mi • 6.2 mi • 1.2 mi,Woodstock
2020-09-27,Spadeadam Half Marathon,13.1 mi,Gilsland
2020-09-27,Robin Hood Marathon Events,13.1 mi • 1.5 mi,Nottingham
2020-09-27,Dartford Bridge 10K,6.2 mi • 1.2 mi,Dartford
2020-09-29,Clwydian Midweek Series - Moel y Plas,4.0 mi,Graig-fechan
2020-09-29,Shoreditch Street Art Running Tour - Steady (10 - 12 minute mile),6.2 mi,London
2020-10-02,Jack the Ripper Running Tour - Steady (10k in 10 - 12 minute miles),6.2 mi,London
2020-10-03,MK Autumn Run,13.1 mi • 6.2 mi • 1.2 mi • 0.6 mi,Milton Keynes
2020-10-03,Run Richmond Park 5k and 10k Race 13,6.2 mi • 3.1 mi,Richmond
2020-10-03,QE Olympic Park 10K - October,6.2 mi,London
2020-10-03,Kielder Marathon,13.1 mi • 6.2 mi,Hexham
2020-10-04,Cardiff Half Marathon,13.1 mi,Cardiff
2020-10-04,Bank of Scotland Great Scottish Run,13.1 mi • 6.2 mi • 1.9 mi • 1.0 mi,Glasgow
2020-10-04,RunThrough Colchester Stampede Half Marathon,13.1 mi,Colchester
2020-10-04,Alcester 10K,6.2 mi • 0.6 mi,Alcester
2020-10-04,The PB Breaker Half & 16km,13.1 mi • 10.0 mi,Glastonbury
2020-10-04,Bangor 10 K And Half Marathon,13.1 mi • 6.2 mi,Bangor
2020-10-04,Clarendon Marathon And Half Marathon,26.2 mi • 13.1 mi,Winchester
2020-10-04,Great Scottish Run Half Marathon 10 K,13.1 mi • 6.2 mi,Glasgow
2020-10-04,West Coast Half Marathon,13.1 mi,Preston
2020-10-04,Dune Half Marathon,13.1 mi,Newry
2020-10-04,Baxters Loch Ness Marathon,26.2 mi • 6.2 mi • 3.1 mi,Inverness
2020-09-20,The Rutland Marathon & Half Marathon,26.2 mi • 13.1 mi,Oakham
2020-09-20,Padiham 10 K,6.2 mi,Padiham
2020-09-23,Salcey Autumn Challenge,,Northamptonshire
2020-09-24,The Leicester City 5K Summer Series – Race 4,3.1 mi,Leicester
2020-09-25,Craft Beer of the East End Running Tour - Pace 1 (sub 11 minute miles),5.0 mi,London
2020-09-26,Causeway Coast Marathon,40.0 mi • 26.2 mi • 13.1 mi • 6.2 mi,Portballintrae
2020-09-26,Windsor Women's 10k,6.2 mi,Windsor
2020-09-26,Maverick Adidas Terrex Original - Shropshire,13.0 mi • 6.2 mi • 3.1 mi,Ludlow
2020-09-26,RunThrough Lee Valley VeloPark – September,13.1 mi • 10.0 mi • 6.2 mi • 3.1 mi • 1.0 mi,London
2020-09-26,Craft Beer of the East End Running Tour - Pace 2 (11-13 minute miles),5.0 mi,London
2020-09-26,South London Street Art Running Tour - Pace 2 (11-13 minute miles),7.5 mi,London
2020-09-27,Windsor Half Marathon,13.1 mi,Windsor
2020-09-27,BHF Blenheim Palace Half Marathon,13.1 mi • 6.2 mi • 1.2 mi,Woodstock
2020-09-27,Northampton Half Marathon & Size 6,13.1 mi • 6.9 mi,Northampton
2020-09-27,RunThrough Goodwood Motor Circuit Grand Prix - September,26.1 mi • 20.0 mi • 13.0 mi • 6.2 mi • 3.1 mi,Chichester
2020-09-27,The Folkestone Rotary Half Marathon,13.1 mi,Folkestone
2020-09-27,"Run Heaton 5k, 10k & Half Marathon",13.1 mi • 6.2 mi • 3.1 mi,Manchester
2020-09-27,Urdd 5K Colour Run Rhyl,3.1 mi,Rhyl
2020-09-27,Conwy Marathon,26.2 mi • 20.0 mi • 10.0 mi,Llandudno
2020-09-27,Frinton-on-Sea Rotary Club Half Marathon and Fun Run,13.1 mi • 2.0 mi,Frinton-on-Sea
2020-09-27,Shoreditch Street Art Running Tour - Half Walk/Half Run or Steady (10 - 12 minute mile),6.2 mi,London
2020-09-27,Montane Trail 13 & Trail 10 Delamere,13.0 mi • 0.6 mi,Delamere
2020-09-27,Littleborough 10k,6.2 mi,Littleborough
2020-09-27,The Surrey Hills Challenge,37.3 mi • 26.2 mi • 26.1 mi • 13.0 mi • 6.2 mi • 3.1 mi,Woking
2020-09-13,Two Counties Half Marathon & 10K,13.1 mi • 6.2 mi,East Carlton
2020-09-13,Crystal Palace 5k 10k & Half Marathon - September,13.1 mi • 6.2 mi,London
2020-09-13,The Secret Gin Run 10K - Walk-run & Steady pace (10-12mins/mile),6.2 mi,London
2020-09-13,East Coast Classic 10K,6.2 mi,Mablethorpe
2020-09-16,The City v Wharf 5k Run Challenge,3.1 mi,London
2020-09-16,The Secret Gin Run 10K - Steady (10-12 mins/mile),6.2 mi,London
2020-09-18,Peak District Challenge,62.1 mi • 46.6 mi • 31.1 mi • 15.5 mi • 6.2 mi,Hathersage
2020-09-19,Olympic Park 5k & 10k – September,6.2 mi • 3.1 mi,London
2020-09-19,"The Purbeck Running Festival - Ultra, Marathon, 16 Mile, 10K & 5K",45.0 mi • 27.0 mi • 16.0 mi • 6.2 mi • 3.1 mi,Swanage
2020-09-19,Yarborough 24hr Track Race,,Lincoln
2020-09-19,South London Street Art Running Tour - Pace 1 (sub 11 minute miles),7.5 mi,London
2020-09-19,Chislehurst Chase,6.2 mi • 1.2 mi,Chislehurst
2020-09-20,Nationwide Building Society New Swindon Half Marathon,12.5 mi,Swindon
2020-09-20,Cheltenham Half Marathon,13.1 mi • 1.0 mi,Cheltenham
2020-09-20,Warrington Running Festival,13.1 mi • 6.2 mi • 3.1 mi • 0.6 mi,Warrington
2020-09-20,Winchester Half Marathon,13.1 mi • 1.0 mi,Winchester
2020-09-20,Southwater Seven,7.0 mi,Telford
2020-09-20,Sandown & Shanklin I.O.W Seafront 10k,6.2 mi,Sandown
2020-09-20,"Newbury Racecourse 5K, 10K and Half Marathon",13.1 mi • 6.2 mi • 3.1 mi,Newbury
2020-09-20,Llyn Alwen 11.5K & Canicross,7.1 mi,Cerrigydrudion
2020-09-20,"Run Aintree 5K, 10K & Half – September",13.1 mi • 6.2 mi • 3.1 mi,Liverpool
2020-09-20,Kirkstall Abbey 7,7.0 mi • 2.0 mi • 1.0 mi,Leeds
2020-09-20,Crime & Punishment Running Tour - Steady Pace 10 - 12 minutes per mile,6.2 mi,London
2020-09-20,Hullavington Marathon,6.2 mi,Hullavington
2020-09-10,Beyond Thorney Trail Fest,13.0 mi • 6.2 mi • 3.1 mi,Thorney
2020-09-11,The Rye Summer Classic Series 5K Race Three – September,3.1 mi • 0.3 mi,Rye
2020-09-11,Enigma Need For Speedboat,31.1 mi • 26.2 mi • 13.1 mi,Caldecotte
2020-09-12,"Richmond Runfest Half Marathon, Marathon, and 10K",26.2 mi • 13.1 mi • 6.2 mi • 3.1 mi • 1.0 mi,London
2020-09-12,Cheshire Half Marathon,13.1 mi,Siddington
2020-09-12,Thames Path Challenge,62.1 mi • 31.1 mi • 17.4 mi • 13.7 mi,London
2020-09-12,"Conquer Crystal Palace 5k, 10k, 15k and Half Marathon",13.1 mi • 9.3 mi • 6.2 mi • 3.1 mi,London
2020-09-12,"Hampstead Heath 10K, 5K, and Fun Run Trail - September",6.2 mi • 3.1 mi • 1.2 mi,London
2020-09-12,Causeway Coast Challenge,27.5 mi • 19.0 mi • 13.0 mi,Antrim
2020-09-12,Torch Light Trail,6.2 mi • 3.1 mi,Isle of Anglesey
2020-09-12,RunThrough Tatton 10K – September,6.2 mi,Knutsford
2020-09-12,"Essex Cross Country Series, Weald Country Park 10K - September",6.2 mi,Brentwood
2020-09-12,The Secret Gin Run 10K - Speedy (sub 10mins/mile) & Steady (10-12mins/mile),6.2 mi,London
2020-09-12,South London Street Art Running Tour - Pace 2 (11-13 minute miles),7.5 mi,London
2020-09-12,Chiltern Wonderland 50,50.3 mi,Goring
2020-09-12,Ramsey Island Half 3 Peaks,13.1 mi • 4.0 mi,Haverfordwest
2020-09-12,Hardmoors 60,62.0 mi,Guisborough
2020-09-13,The SimplyHealth Great North Run,13.1 mi,Newcastle upon Tyne
2020-09-13,Kenilworth Half Marathon,13.1 mi • 0.6 mi,Kenilworth
2020-09-13,"New Forest Marathon, Half Marathon, 10k & 5k",26.2 mi • 13.1 mi • 6.2 mi • 3.1 mi • 0.9 mi,Brockenhurst
2020-09-13,Larkfield AC 10K & 5K,6.2 mi • 3.1 mi,East Malling
2020-09-13,"Draycote Water September - 10k, 10 Mile, 20 Mile",20.0 mi • 13.1 mi • 6.2 mi,Rugby
2020-09-13,The Rye Ancient Trails 30K & 15K,18.6 mi • 9.3 mi,Rye
2020-09-13,Wickham Wine Runs,6.2 mi • 3.1 mi,Wickham
2020-09-05,South London Street Art Running Tour - Pace 1 (sub 11 minute miles),7.5 mi,London
2020-09-05,Ironkids Wales,0.9 mi • 0.6 mi • 0.3 mi,Tenby
2020-09-05,Buff Joust 24 Hr,5.6 mi,Holt Heath
2020-09-05,Chillswim Coniston 5 25 Miles End To End,5.3 mi,Coniston
2020-09-06,Maidenhead Half Marathon & Fun Run - September,13.1 mi • 1.5 mi,Maidenhead
2020-09-06,Bridgwater Half Marathon,13.1 mi • 6.2 mi • 3.1 mi,Bridgwater
2020-09-06,Glencoe Marathon Gathering,26.2 mi • 13.1 mi,Glencoe
2020-09-06,Wandsworth Park 10K,6.2 mi,London
2020-09-06,Battersea Park 5k & 10k - September,6.2 mi • 3.1 mi,London
2020-09-06,Andover Trail Marathon,26.2 mi • 13.1 mi,Enham Alamein
2020-09-06,Kingsbury Water Park 10K & 5K,6.2 mi • 3.1 mi,Sutton Coldfield
2020-09-06,"Regent's Park, Royal Parks 10K - September",6.2 mi,London
2020-09-06,Salcey Forest Half Marathon & 10k,13.1 mi • 6.2 mi,Northamptonshire
2020-09-06,Dartmoor Volcano Race,10.3 mi,Scorriton
2020-09-06,Bovingdon Parish 10k & 3K Fun Run,6.2 mi • 1.9 mi,Bovingdon
2020-09-06,The Clwydian 5 & 15 Mile Races,15.0 mi • 5.0 mi,Denbigh
2020-09-06,The Inaugural Badlesmere 10K,6.2 mi,Badlesmere Lees
2020-09-06,Great Fire of London Running Tour - Walk/Run or Steady (11-13 minute miles),3.1 mi,London
2020-09-06,Maidenhead Half Marathon,13.1 mi • 1.5 mi,Maidenhead
2020-09-06,Wigan 10k,6.2 mi • 1.0 mi,Wigan
2020-09-06,Hornsea Running Festival,26.2 mi • 20.0 mi • 13.2 mi • 10.0 mi,Hornsea
2020-09-07,Run Tatton 10K - November,6.2 mi,Knutsford
2020-09-09,Chase the Sun Olympic Park – September,6.2 mi • 3.1 mi,London
2020-09-09,Surf's Up!,6.2 mi,Holland-on-Sea
2020-08-25,Clwydian Midweek Series - Moel Arthur,4.5 mi,Hendrerwydd
2020-08-26,Chase the Sun Brixton - August,6.2 mi • 3.1 mi,London
2020-08-29,The UK Emergency Services Games,6.2 mi • 3.1 mi,Milton Keynes
2020-08-29,RunThrough Lee Valley VeloPark – August,13.1 mi • 10.0 mi • 6.2 mi • 3.1 mi • 1.0 mi,London
2020-08-29,OutRun12 - 12 Hour Endurance Event,,Great Notley
2020-08-29,Escape The City,80.0 mi • 40.0 mi • 26.2 mi,Dalkeith
2020-08-29,Meltham Murder Maniac Road Race,2.0 mi • 1.0 mi,Meltham
2020-08-29,Go Festival,13.1 mi • 6.2 mi,Ayr
2020-08-30,Glasgow Men’s 10K,6.2 mi,Glasgow
2020-08-30,"Run Dorney 5k, 10k & Half Marathon- August",13.1 mi • 6.2 mi,Windsor
2020-08-30,"Beacon Park, Lichfield 10 and 5K",6.2 mi • 3.1 mi,Lichfield
2020-08-31,Canterbury Half Marathon,13.1 mi • 2.0 mi • 1.0 mi,Canterbury
2020-09-03,Run Media City 5K and 10K - September,6.2 mi • 3.1 mi,Salford
2020-09-03,Great Fire of London Running Tour - Steady (11-13 minute miles),3.1 mi,London
2020-09-05,Porsche Brooklands Colour Me Krazy 5k,3.1 mi,Shepperton
2020-09-05,Wye Valley Trail Race,15.0 mi,Chepstow
2020-09-05,Dorney Lake Autumn Duathlon & Run,13.1 mi • 9.3 mi • 6.2 mi • 3.1 mi,Dorney
2020-09-05,QE Olympic Park 10K - September,6.2 mi,London
2020-09-05,Grail Quest Race – Death of Kings,9.9 mi • 5.0 mi • 2.8 mi,Long Sutton
2020-09-05,Run Richmond Park - 5k and 10k - Race 12,6.2 mi • 3.1 mi,London
2020-09-05,The ROC - Summer,2.9 mi,Abersoch
2020-09-05,Salcey Forest,6.2 mi • 3.1 mi,Northamptonshire
2020-09-05,"The Rock Hard Coast Marathon, Half Marathon & 10K",32.0 mi • 26.1 mi • 13.1 mi • 6.2 mi • 3.1 mi • 1.0 mi • 0.5 mi,South Milton
2020-09-05,Ministry Of Track,26.2 mi • 13.1 mi • 6.2 mi • 3.1 mi • 1.0 mi,Bury Saint Edmunds
2020-08-15,Time2Run Wirral 24 Hour Run,31.1 mi • 28.0 mi • 12.4 mi • 6.2 mi • 3.1 mi,Thurstaston
2020-08-15,RunThrough Hyde Park 5K & 10K - August,6.2 mi • 3.1 mi,London
2020-08-15,Pendle 3 Peaks,9.4 mi,Barley
2020-08-15,Leicestershire Round Series Leg 2,34.8 mi,Market Harborough
2020-08-15,Race the Train,13.1 mi • 6.2 mi • 5.0 mi • 3.5 mi,Tywyn
2020-08-16,The EDF Energy Lydd 10K,6.2 mi • 0.3 mi,Lydd
2020-08-16,The Clacton Half Marathon & 10K,13.1 mi • 6.2 mi • 1.0 mi,Clacton-on-Sea
2020-08-16,Walsall Arboretum 5K & 10K,6.2 mi • 3.1 mi,Walsall
2020-08-16,Whitworth Trail Marathon,31.1 mi • 26.2 mi • 13.8 mi,Whitworth
2020-08-16,Kimbolton Castle Half Marathon & Fun Run,13.1 mi • 1.9 mi,Kimbolton School Kimbolton
2020-08-16,Crime & Punishment Running Tour - Speedy Pace 10 min. miles or less,6.2 mi,London
2020-08-16,Prudential Ride London Surrey 46,100.0 mi • 46.0 mi,London
2020-08-18,The Derby Summer 5K Series – Race 4,3.1 mi,Derby
2020-08-19,The Nottingham 5K Summer Series – Race 4,3.1 mi,Colwick
2020-08-20,The Leicester City 5K Summer Series – Race 3,3.1 mi,Leicester
2020-08-22,Wild West Beer Bonanza 5km & 10km Fun Run/Walk,6.2 mi • 3.1 mi,Sheffield
2020-08-22,The Big Day Out,36.5 mi • 15.5 mi,Filham
2020-08-22,PHOENIX SG 100,3.3 mi,Walton-on-Thames
2020-08-22,Type 2 Fun Run,52.8 mi,Braemar
2020-08-22,20 In 20 In,3.3 mi,Northfleet
2020-08-22,The Summer Green Man Ultra,45.0 mi • 30.0 mi,Bristol
2020-08-23,Fun Colour Rush Reading,3.1 mi,Reading
2020-08-23,The Mount Ephraim 10K,6.2 mi,Faversham
2020-08-25,Ipswich 5K Summer Series – Race 4,3.1 mi,Ipswich
2020-08-07,The Rye Summer Classic Series 10K Race Two – August,6.2 mi • 0.3 mi,Rye
2020-08-07,The Oxford Ultra,66.0 mi,Northmoor
2020-08-08,Thames Meander Marathon & Half – Summer,26.2 mi • 13.1 mi,Kingston upon Thames
2020-08-08,"Kempton Park 5K, 10K & Half Marathon",13.1 mi • 6.2 mi • 3.1 mi,Sunbury-on-Thames
2020-08-08,"Essex Cross Country Series, Hadleigh Park 10K - August",6.2 mi,Hadleigh
2020-08-08,(Wo)man v Barge,5.0 mi,Marsden
2020-08-08,The Secret Gin Run 10K - Walk-run & Steady pace (10-12mins/mile),6.2 mi,London
2020-08-08,The Windsor Ultra,47.0 mi,Maidenhead
2020-08-08,North Downs Way 100,100.0 mi,Farnham
2020-08-08,X From Enigma Running,31.1 mi • 26.2 mi • 13.1 mi,Caldecotte
2020-08-08,Sublime TWENTY4 - 24 hour race,6.2 mi • 3.1 mi • 0.6 mi,Peterborough
2020-08-09,Burnham Beeches Half marathon and 10K - August,13.1 mi • 6.2 mi,Slough
2020-08-09,London Summer 10K,6.2 mi • 2.0 mi • 0.5 mi,London
2020-08-09,Draycote Water August - 10K & Half Marathon,13.1 mi • 6.2 mi,Rugby
2020-08-09,RunThrough Tatton 10K – August,6.2 mi,Knutsford
2020-08-09,Richmond Park Half Marathon - August,13.1 mi,Richmond
2020-08-09,Stopsley 5 mile & 10 mile Trail Race,10.0 mi • 5.0 mi,Luton
2020-08-09,Hercules Labour Four,,Addlestone
2020-08-09,The Secret Gin Run 10K - Speedy (sub 10mins/mile) & Steady (10-12mins/mile),6.2 mi,London
2020-08-09,The Richmond Ultra,31.0 mi,Richmond
2020-08-11,The Gosport 5K Summer Series – Race 5,3.1 mi • 0.6 mi,Gosport
2020-08-12,Chase the Sun Olympic Park – August,6.2 mi • 3.1 mi,London
2020-08-12,The Secret Gin Run 10K - Walk-run pace,6.2 mi,London
2020-08-13,Chase the Sun Leicestershire - August,6.2 mi • 3.1 mi • 1.0 mi,Loughborough
2020-07-27,Station to Station Marathon Challenge,49.7 mi,Portchester
2020-07-28,Ipswich 5K Summer Series – Race 3,3.1 mi,Ipswich
2020-07-28,Clwydian Midweek Series - Moel y Gaer,4.0 mi,Denbighshire
2020-07-31,Ginathlon - Doncaster,3.7 mi,Kirk Sandall
2020-07-31,"The Twilight Friday Ultra, Marathon & Half Marathon",31.1 mi • 26.2 mi • 13.1 mi,Ilford
2020-08-01,The Snowman Triathlon,2.4 mi • 1.2 mi • 0.6 mi,Betws-y-Coed
2020-08-01,QE Olympic Park 10K - August,6.2 mi,London
2020-08-01,"The Twilight Ultra, Marathon & Half Marathon",31.1 mi • 26.2 mi • 13.1 mi,Ilford
2020-08-01,Willowbrook Halewood 5k August,3.1 mi,Halewood
2020-08-01,Abney 5k Trail Run - August,3.1 mi,Cheadle
2020-08-01,Cybi Coastal Marathon,26.3 mi,Holyhead
2020-08-02,Wimbledon Common Half Marathon – August,13.1 mi,London
2020-08-02,"Run Heaton 5k, 10k & Half - August",13.1 mi • 6.2 mi • 3.1 mi,Manchester
2020-08-02,Regent’s Park 5K & 10K - August,6.2 mi,London
2020-08-02,Great Fire of London Running Tour - Walk/Run or Steady (11-13 minute miles),3.1 mi,London
2020-08-02,If You Know Your History 5 K,3.1 mi,Liverpool
2020-08-02,Chislehurst Commons Marathon,26.2 mi • 13.1 mi,Chislehurst
2020-08-03,Hasty Hare 5K,3.1 mi,London
2020-08-05,Chase The Sun Hyde Park - August,6.2 mi • 3.1 mi,London
2020-08-05,The Bedgebury Pinetum Summer 10K & 5K Series – Race 4,6.2 mi • 3.1 mi,Goudhurst
2020-08-06,Dinton Pastures 5km & 10km Summer Series - August,6.2 mi • 3.1 mi,Hurst
2020-08-06,Great Fire of London Running Tour - Speedy (sub-11 minute miles),3.1 mi,London
2020-08-06,The Cotswold Ultra,45.0 mi,Kemble
2020-08-06,The BRC Thames Challenge,184.0 mi,Kemble
2020-07-21,The Derby Summer 5K Series – Race 3,3.1 mi,Derby
2020-07-22,Chase the Sun Clapham Common 2 - July,6.2 mi • 3.1 mi,London
2020-07-22,The Nottingham 5K Summer Series – Race 3,3.1 mi,Colwick
2020-07-23,Run Media City 5k & 10k – July,6.2 mi • 3.1 mi,Salford
2020-07-23,The Leicester City 5k Summer Series - Race 2,3.1 mi,Leicester
2020-07-23,I TAB Threshold Sports GBP,6.2 mi,Reading
2020-07-24,The Lakeland 50 & 100,100.0 mi,Coniston
2020-07-25,Pizza Run - Birmingham,6.2 mi • 3.1 mi • 1.0 mi,West Bromwich
2020-07-25,Run Richmond Park 5k and 10k Race 11,6.2 mi • 3.1 mi,Richmond
2020-07-25,RunThrough Lee Valley VeloPark - July,13.1 mi • 10.0 mi • 6.2 mi • 3.1 mi • 1.0 mi,London
2020-07-25,Conquer the Castle,,Rockingham
2020-07-25,The Drop - London,15.0 mi • 10.0 mi,London
2020-07-25,Enigma Need For Speed,31.1 mi • 26.2 mi • 13.1 mi,Caldecotte
2020-07-25,Malvern Mad Hatter,100.0 mi • 63.0 mi • 38.0 mi,Malvern
2020-07-26,Fun Colour Rush Northampton,3.1 mi,Northampton
2020-07-26,Blackpool Music Run,6.2 mi • 3.1 mi,Blackpool
2020-07-26,Pizza Run - Sheffield,6.2 mi • 3.1 mi • 1.0 mi,Sheffield
2020-07-26,"Run Aintree 5K, 10K & Half – July",13.1 mi • 6.2 mi • 3.1 mi,Liverpool
2020-07-26,Down Tow Up Flow Half Marathon - July,13.1 mi,Windsor
2020-07-26,The 11th Romney Marsh 10K,6.2 mi,New Romney
2020-07-26,Are You Shore?,26.2 mi,Brightlingsea
2020-07-26,The Clwydian 10 & 20 Mile Races,20.0 mi • 10.0 mi,Denbigh
2020-07-26,Clissold Park,6.2 mi,London
2020-07-26,Portchester Castle 10K,6.2 mi,Portchester
2020-07-18,Pizza Run - London North,6.2 mi • 3.1 mi • 1.0 mi,London
2020-07-18,Olympic Park 5k & 10k – July,6.2 mi • 3.1 mi,London
2020-07-18,Race to the Tower,52.4 mi • 26.2 mi,Whiteshill
2020-07-18,Zeus Races – Summer OCR Runs,13.0 mi • 4.3 mi,Ancaster
2020-07-18,The Richmond Summer Riverside 10k Run,6.2 mi,Richmond
2020-07-18,Maverick Adidas Terrex X & Ultra Peak District,82.0 mi • 33.6 mi • 26.1 mi • 16.2 mi • 6.2 mi,Bakewell
2020-07-18,Wirral Way 10k,6.2 mi,Thurstaston
2020-07-18,Green Space 10K,6.2 mi,London
2020-07-19,Pizza Run - Southampton,6.2 mi • 3.1 mi • 1.0 mi,Southampton
2020-07-19,"Frome Half Marathon, 5K, 10K & Junior Race - July",13.1 mi • 6.2 mi • 3.1 mi • 0.6 mi,Frome
2020-07-19,Caterham Rotary Half Marathon & 10K,13.1 mi • 6.2 mi,Redhill
2020-07-19,"Run Dorney 5k, 10k & Half Marathon",12.4 mi • 6.2 mi • 3.1 mi,Windsor
2020-07-19,Wirral Way Summer Half Marathon,13.1 mi,Thurstaston
2020-07-19,"Beaminster Half, 10K & 5K.",13.1 mi • 6.2 mi • 3.1 mi,Beaminster
2020-07-19,Tatton 10k - July,6.2 mi,Knutsford
2020-07-19,Arrow Valley Park Redditch 5K & 10K,6.2 mi • 3.1 mi,Redditch
2020-07-19,Gunnersbury Park 10K,6.2 mi,London
2020-07-19,Crime & Punishment Running Tour - Steady Pace 10 - 12 minutes per mile,6.2 mi,London
2020-07-19,Frome Half Marathon,13.1 mi • 6.2 mi • 3.1 mi,Frome
2020-07-19,Orsted Great Grimsby 10k,6.2 mi,Grimsby
2020-07-19,Ørsted Great Grimsby 10K,6.2 mi,Grimsby
2020-07-19,Brighouse Running Festival,6.2 mi • 2.5 mi • 1.2 mi,Brighouse
2020-07-19,Exe Estuary 50 K Ultra,31.1 mi,Dawlish Warren
2020-07-20,Flying Falcon 5K,3.1 mi,London
2020-07-11,Maverick Adidas Terrex Original - East Sussex,14.3 mi • 9.3 mi • 3.1 mi,Falmer
2020-07-11,The Secret Gin Run 10K - Speedy (sub 10mins/mile) & Steady (10-12mins/mile),6.2 mi,London
2020-07-11,Lake Districts ULTIMATE Trails Challenge,62.1 mi • 34.2 mi • 14.3 mi • 8.7 mi,Windermere
2020-07-11,Beacons Way Ultra 100,100.0 mi,Abergavenny
2020-07-11,The Serpent Trail Run,62.1 mi • 31.1 mi • 11.8 mi • 8.1 mi,Petersfield
2020-07-12,Snowdonia Trail Marathon,37.3 mi • 27.0 mi • 13.1 mi • 6.2 mi,Caernarfon
2020-07-12,Pizza Run - Swindon,6.2 mi • 3.1 mi • 1.0 mi,Swindon
2020-07-12,Ironman UK,0.9 mi • 0.6 mi • 0.3 mi,Bolton
2020-07-12,Hell-Fire Half and 10K,13.1 mi • 6.2 mi,High Wycombe
2020-07-12,Chase the Sun Clapham Common 1 - July,6.2 mi • 3.1 mi,London
2020-07-12,Draycote Water July - 10K & Half Marathon,13.1 mi • 6.2 mi,Rugby
2020-07-12,The Richmond Summer 10K & 5K,6.2 mi • 3.1 mi,Richmond
2020-07-12,"Spire Bushey 5K, 10K & Junior Races - July",6.2 mi • 3.1 mi • 0.2 mi,Bushey
2020-07-12,Red Warrior Maze Runner Race,9.3 mi,Pembrey
2020-07-12,The Secret Gin Run 10K - Walk-run & Steady pace (10-12mins/mile),6.2 mi,London
2020-07-12,Blackpool Summer 10K,6.2 mi,Blackpool
2020-07-12,Hell Fire Half Marathon 10 K,13.1 mi • 6.2 mi,High Wycombe
2020-07-12,Burn Valley Half Marathon,13.1 mi,Masham
2020-07-13,Silver Starling 5K,3.1 mi,London
2020-07-14,The Gosport 5K Summer Series – Race 4,3.1 mi • 0.6 mi,Gosport
2020-07-15,Chase the Sun Wimbledon - July,6.2 mi • 3.1 mi,London
2020-07-15,The Secret Gin Run 10K - Steady (10-12 mins/mile),6.2 mi,London
2020-07-17,The Rye Harbour Ekiden Relay,13.1 mi • 0.6 mi,Rye
2020-07-17,Wendover Woods Night 50 K,31.1 mi,Aston Clinton
2020-07-05,The Broadgate Tower Run Up,2.0 mi • 1.0 mi • 0.5 mi • 0.3 mi • 0.2 mi • 0.1 mi,London
2020-07-05,Great Fire of London Running Tour - Steady (11-13 minute miles) & Speedy (sub-11 minute miles),3.1 mi,London
2020-07-05,Pretty Muddy Race for Life 5K & Kids – Maidstone,3.1 mi,Maidstone
2020-07-05,UKFast City of Manchester 10k,6.2 mi,Manchester
2020-07-05,Fen Gallop,6.2 mi • 4.0 mi,Willingham
2020-07-05,Run Northumberland Coquet Half Marathon,13.1 mi,Rothbury
2020-07-07,Draycote Water - Seven at Severn - July,4.3 mi,Rugby
2020-07-07,Jubilee Relay Moel Famau,5.0 mi,Denbigh
2020-07-07,Calder Vale 4 Mile Supper Run,4.0 mi,Calder Vale
2020-07-08,Drayton Rollercoaster 5K & 10K - July,6.2 mi • 3.1 mi,Fazeley
2020-07-08,Chase The Sun Olympic Park – July,6.2 mi • 3.1 mi,London
2020-07-08,Salcey Summer Challenge,,Northamptonshire
2020-07-08,Shlads 5k fun run,3.1 mi • 0.1 mi,Bolton
2020-07-08,Endmoor 10k,6.2 mi,Endmoor
2020-07-09,Dinton Pastures 5km & 10km Summer Series - July,6.2 mi • 3.1 mi,Reading
2020-07-09,Blade Runner Ultra Marathon Series - Summer 2020,31.1 mi,Brecon
2020-07-09,I TAB Raceways Events GBP,6.2 mi,Reading
2020-07-10,The Rye Summer Classic Series 10K Race One – July,6.2 mi • 0.3 mi,Rye
2020-07-11,Pizza Run - Milton Keynes,6.2 mi • 3.1 mi • 1.0 mi,Milton Keynes
2020-07-11,Hawaiian Hula Summer Wine Cooler 5km & 10km,6.2 mi • 3.1 mi,Sheffield
2020-07-11,RunThrough Regent's Park 5K & 10K - July,6.2 mi • 3.1 mi,London
2020-07-11,Humanity Direct Chiltern Challenge,31.0 mi,Princes Risborough
2020-07-11,"The Shere 42k, Half & 10k",26.1 mi • 13.1 mi • 6.2 mi,Shere
2020-07-11,"Essex Cross Country Series, Thorndon Country Park 10K - July",6.2 mi,Brentwood
2020-07-04,Mizuno Endure24 – Leeds,,Wetherby
2020-07-04,Dixons Carphone Race to the Stones,62.1 mi • 31.1 mi,Lewknor
2020-07-04,FixAddiction 5k & 10k Run - Dorney Lake,6.2 mi • 3.1 mi,Dorney
2020-07-04,QE Olympic Park 10K - July,6.2 mi,London
2020-07-04,Lap Challenge Hadleigh Park,55.9 mi • 31.1 mi • 12.4 mi • 6.2 mi,Hadleigh
2020-07-04,Newport Pagnell Carnival 5K,3.1 mi,Blakelands
2020-07-04,Windsor Great Park Relay Race,3.5 mi,Windsor
2020-07-04,Pen Llyn Ultra,100.0 mi • 75.0 mi • 50.0 mi,Pwllheli
2020-07-04,The North Wales Path – Run Challenge (2 Days),62.0 mi,Prestatyn
2020-07-04,Charmouth Challenge,8.0 mi • 2.0 mi,Charmouth
2020-07-04,Endure 24 North,5.0 mi,Wetherby
2020-07-04,Abney 5k Trail Run – July,3.1 mi,Cheadle
2020-07-04,Willowbrook Halewood 5k July,3.1 mi,Halewood
2020-07-05,The Festival of Endurance at Hever Castle,26.2 mi • 13.1 mi • 1.2 mi,Hever Castle
2020-07-05,ASICS London 10K,6.2 mi,London
2020-07-05,Leamington Spa Half Marathon,13.1 mi • 0.6 mi,Leamington Spa
2020-07-05,Running Grand Prix at Goodwood Motor Circuit- July,26.2 mi • 20.0 mi • 13.1 mi • 6.2 mi • 3.1 mi,Chichester
2020-07-05,Run Whitstable & Herne Bay Summer 5k and 10k,6.2 mi • 3.1 mi • 0.9 mi,Herne Bay
2020-07-05,Ocean Duo Balmy 10km,-3.1 mi,Exmouth
2020-07-05,Regent's Park - 10K - July,6.2 mi,London
2020-07-05,Whiteley Village Races,6.2 mi • 3.1 mi • 1.6 mi • 0.6 mi,Hersham
2020-07-05,Asda Foundation Leeds 10k,6.2 mi,Leeds
2020-07-05,North Downs Way Marathon & Half Marathon,26.2 mi • 13.1 mi,Reigate
2020-07-05,It's 'Rayne'ing Medals,26.2 mi,Rayne
2020-06-28,"Hitchin Hard Half Marathon, 10K, 5K",13.1 mi • 6.2 mi • 3.1 mi,Hitchin
2020-06-28,The Salcey Forest 10K & 5K,6.2 mi • 3.1 mi,Northamptonshire
2020-06-28,The Kent Golden Mile & 5K,3.1 mi • 1.0 mi,Dymchurch
2020-06-28,Institute of Sport Exercise and Health (ISEH) - 10k & 5k - June,6.2 mi • 3.1 mi,London
2020-06-28,The Lingfield 10s,10.0 mi • 6.2 mi,Dormansland
2020-06-28,Halifax Marathon & Half Marathon,26.2 mi • 13.1 mi,Halifax
2020-06-28,Richmond Park Half Marathon - June,13.1 mi,Richmond
2020-06-28,Shoreditch Street Art Running Tour - Steady (10 - 12 minute mile) and Speedy (Less than 10 min/mile),6.2 mi,London
2020-06-28,Wilmslow Summer 10 K,6.2 mi,Wilmslow
2020-06-28,Run Orwell,6.2 mi • 3.1 mi • 1.2 mi,Orwell
2020-06-28,Southport Half Marathon & 10k,13.1 mi • 6.2 mi • 1.0 mi,Southport
2020-06-28,North Downs Run,18.6 mi,Gravesend
2020-06-28,Humber Bridge Half Marathon,13.0 mi • 2.0 mi,Hessle
2020-06-30,Ipswich 5k Summer Series – Race 2,3.1 mi,Ipswich
2020-06-30,Clwydian Midweek Series - Moel Llys Y Coed,4.7 mi,Hendrerwydd
2020-06-30,Shoreditch Street Art Running Tour - Speedy (10 minute miles or faster),6.2 mi,London
2020-06-30,Devils Foot Half Marathon,26.2 mi,Melrose
2020-07-01,Hard as Snails,9.3 mi • 6.2 mi • 3.1 mi • 1.2 mi,Guildford
2020-07-01,Wimbledon Trail Series Race 3,8.0 mi,London
2020-07-01,Ruthin Evening 5K,3.1 mi,Ruthin
2020-07-01,The Bedgebury Pinetum Summer 10k & 5k Series - Race 3,6.2 mi • 3.1 mi,Goudhurst
2020-07-02,Love Trails Festival,26.1 mi,Swansea
2020-07-03,The Oliver Curd Charity Fun Run/Walk 10K,6.2 mi,Battle
2020-07-03,Scorcher Run Festival,,Preston
2020-06-21,RunThrough Regent's Park 5K & 10K - June,6.2 mi • 3.1 mi,London
2020-06-21,"Heyford Airbase: 5K, 10K, Half Marathon & Junior Race - June",13.1 mi • 6.2 mi • 3.1 mi • 0.6 mi,Bicester
2020-06-21,The Bushy Summer 10K & 5K,6.2 mi • 3.1 mi,Molesey
2020-06-21,The Hampshire Hoppit,26.2 mi,Kingsclere
2020-06-21,Gosport Golden Mile and 5k,4.0 mi • 3.1 mi • 1.0 mi,Gosport
2020-06-21,Winwick Hall Charity Trail Race,8.1 mi • 3.1 mi • 0.9 mi • 0.2 mi • 0.1 mi,Winwick
2020-06-21,Crime & Punishment Running Tour - Walk/Run Pace,6.2 mi,London
2020-06-21,Heyford Airbase Races,13.1 mi • 6.2 mi • 3.1 mi,Bicester
2020-06-21,Midsummer Munro,13.1 mi,Tadworth
2020-06-21,Run Fest Wales,13.1 mi • 6.2 mi • 3.1 mi,Rhyl
2020-06-21,Staveley Stampede,6.2 mi,Staveley
2020-06-22,Kangaroo Hop 5K,3.1 mi,London
2020-06-24,Ice Cream 5k & 10k Series - Race 4,6.2 mi • 3.1 mi • 1.0 mi,Horwich
2020-06-25,Run Media City 5k and 10k - June,6.2 mi • 3.1 mi,Salford
2020-06-26,The Robertsbridge Midsummer 10k & 5k,6.2 mi • 3.1 mi,Robertsbridge
2020-06-26,Panda Bear Challenge,,Ryton-on-Dunsmore
2020-06-26,Craft Beer of the East End Running Tour - Pace 2 (11-13 minute miles),5.0 mi,London
2020-06-27,Run Richmond Park 5k and 10k Race 10,6.2 mi • 3.1 mi,Richmond
2020-06-27,"RunThrough Lee Valley VeloPark 5K 10K, 10 Mile & Half Marathon – June",13.1 mi • 10.0 mi • 6.2 mi • 3.1 mi • 1.0 mi,London
2020-06-27,Salcey Forest June Canicross 10k & 5k,6.2 mi • 3.1 mi,Hartwell
2020-06-27,Craft Beer of the East End Running Tour - Pace 1 (sub 11 minute miles),5.0 mi,London
2020-06-27,Harbour Club Serpentine Last Friday of the Month 5k – June,3.1 mi,London
2020-06-27,Barrathon Half Marathon,13.1 mi • 2.5 mi,Isle of Barra
2020-06-28,The Great Scottish Walk and Run Festival,6.2 mi • 3.1 mi • 1.0 mi • 0.6 mi,Edinburgh
2020-06-16,The Derby Summer 5k Series Race Two,3.1 mi,Derby
2020-06-17,Chase the Sun Clapham Common,6.2 mi • 3.1 mi,London
2020-06-17,Nottingham Summer 5K Series Race Two,3.1 mi,Colwick
2020-06-17,Ice Cream 5k & 10k Series - Race 3,6.2 mi • 3.1 mi • 1.0 mi,Horwich
2020-06-17,The Secret Gin Run 10K - Speedy (sub 10mins/mile),6.2 mi,London
2020-06-17,Hawkshead 10k,6.2 mi,Hawkshead
2020-06-18,Cattle Creep 10K,6.2 mi,Wolverton
2020-06-19,Tsunami Ocean Trails,75.0 mi • 37.0 mi • 26.2 mi • 16.0 mi • 7.5 mi,The Wharf
2020-06-19,Marathon des Cotes,186.0 mi • 66.0 mi • 59.0 mi,Saint Dogmaels
2020-06-20,Pizza Run - Manchester,6.2 mi • 3.1 mi • 1.0 mi,Manchester
2020-06-20,RunThrough Beat Box Hill 5k & 10k,6.2 mi • 3.1 mi,Tadworth
2020-06-20,Race to the King,53.6 mi • 30.2 mi • 23.4 mi,Arundel
2020-06-20,Robinsons Abersoch Triathlon,0.6 mi,Abersoch
2020-06-20,Sheffield Superhero/Supervillain Sprint 5K & 10K,6.2 mi • 3.1 mi,Sheffield
2020-06-20,Cartoon Caper - Double Trouble,,Holland-on-Sea
2020-06-20,Saltire 24,,Banchory
2020-06-20,Norfolk 100k,62.1 mi,Castle Acre
2020-06-20,Welsh 3000 S Supported Trail Run,30.0 mi,Caernarfon
2020-06-20,Badass Mucker,6.2 mi • 3.1 mi • 1.6 mi,Caton
2020-06-20,Thirlmere Trot,24.0 mi,Grasmere
2020-06-20,Midnight Marathon Half Marathon Ultra,32.3 mi • 26.2 mi • 13.1 mi,Dartford
2020-06-20,Mynd Drover Challenge,26.0 mi • 20.0 mi • 13.0 mi,Church Stretton
2020-06-21,Fun Colour Rush Nottingham,3.1 mi,Nottingham
2020-06-21,Monmouth Challenge Run & Aquathlons,7.8 mi,Monmouth
2020-06-13,The Secret Gin Run 10K - Walk-run & Steady pace (10-12mins/mile),6.2 mi,London
2020-06-13,Cheddar Gorge Challenge,26.2 mi • 19.9 mi • 13.1 mi • 6.2 mi • 1.9 mi,Cheddar
2020-06-13,Lake District Challenge,62.1 mi • 31.1 mi • 15.5 mi,Kendal
2020-06-13,Isle of Skye Half Marathon,13.1 mi • 1.5 mi,Portree
2020-06-14,St Albans Half Marathon,13.1 mi • 3.1 mi • 1.5 mi,St Albans
2020-06-14,JCP Swansea Half Marathon,13.1 mi,Swansea
2020-06-14,ASDA Foundation City of Lincoln 10K,6.2 mi,Lincoln
2020-06-14,Weybridge 10k,6.2 mi • 1.2 mi,Shepperton
2020-06-14,Two Castles Run,6.2 mi,Warwick
2020-06-14,Pizza Run - Cardiff,6.2 mi • 3.1 mi • 1.0 mi,Cardiff
2020-06-14,Wimbledon Common Half Marathon – June,13.1 mi,London
2020-06-14,Hyde Park - 10K - June,6.2 mi,London
2020-06-14,Draycote Water June - 10K & Half Marathon,13.1 mi • 6.2 mi,Kites Hardwick
2020-06-14,The Eastbourne Golden Mile & 5K,3.1 mi • 1.0 mi,Eastbourne
2020-06-14,Regent's Park 10K - June,6.2 mi,London
2020-06-14,Delapre Abbey 10K,6.2 mi,Northampton
2020-06-14,Weald Challenge Trail Races,31.1 mi • 13.1 mi,Lewes
2020-06-14,The Secret Gin Run 10K - Speedy (sub 10mins/mile) & Steady (10-12mins/mile),6.2 mi,London
2020-06-14,Stanwick Lakes Summer Run,13.1 mi • 6.2 mi • 3.1 mi,Wellingborough
2020-06-14,Jeskyns Challenge,,Gravesend
2020-06-14,Langham Hotel Weald Challenge,31.1 mi • 13.1 mi,Chiddingly
2020-06-14,Pretty Muddy Race for Life 5K & Kids – Basildon,3.1 mi,Basildon
2020-06-14,Port Sunlight 5K and 10K,6.2 mi • 3.1 mi • 0.6 mi,Bebington
2020-06-15,Dashing Deer 5K,3.1 mi,London
2020-06-07,To C 70,100.0 mi • 70.0 mi,Orton Northgate
2020-06-07,Doncaster Half Marathon,13.1 mi,Doncaster
2020-06-07,Hardmoors 26.2 Trail Marathon Series – White Horse,26.2 mi • 13.1 mi • 6.2 mi,Thirsk
2020-06-07,Huddersfield Marathon Half Marathon,13.1 mi,Huddersfield
2020-06-08,Speedy Steeds 5K,3.1 mi,London
2020-06-09,The Gosport 5K Summer Series – Race 3,3.1 mi • 0.6 mi,Gosport
2020-06-09,Red Kite Challenge,,Brigstock
2020-06-10,Drayton Rollercoaster 5K & 10K - June,6.2 mi • 3.1 mi,Fazeley
2020-06-10,Chase the Sun Olympic Park – June,6.2 mi • 3.1 mi,London
2020-06-10,Ice Cream 5k & 10k Series - Race 2,6.2 mi • 3.1 mi • 1.0 mi,Horwich
2020-06-11,Dinton Pastures 5km & 10km Summer Series - June,6.2 mi • 3.1 mi,Reading
2020-06-11,Superhero in the City,6.2 mi • 3.1 mi,London
2020-06-12,Quarryman Run 5KM,3.1 mi,Llanberis
2020-06-12,Ginathlon - Yorkshire,3.7 mi,Huddersfield
2020-06-12,The Hawarden Estate Trail Relay,,Hawarden
2020-06-12,Ultra-Trail Snowdonia,106.0 mi • 53.0 mi • 33.0 mi,Llanberis
2020-06-12,Pure Peak Grit,372.8 mi,Sheffield
2020-06-13,Pizza Run - Exeter,6.2 mi • 3.1 mi • 1.0 mi,Exeter
2020-06-13,Mizuno Endure24 – Reading,,Reading
2020-06-13,Mourne Way Marathon,52.0 mi • 26.0 mi • 13.0 mi • 6.2 mi,Rostrevor
2020-06-13,Ladybower Trail Marathon,26.2 mi,Hope Valley
2020-06-13,RunThrough Hyde Park 5K & 10K - June,6.2 mi • 3.1 mi,London
2020-06-13,"Essex Cross Country, Belhus Woods Country Park 10K - June",6.2 mi,Aveley
2020-06-13,Andrew Simpson Foundation - Trail Blaze Run,9.7 mi • 7.3 mi • 3.1 mi,Sheffield Bottom
2020-06-06,Bubble Rush Liverpool,3.1 mi,Liverpool
2020-06-06,Run Richmond Park 5k and 10k Race 9,6.2 mi • 3.1 mi,Richmond
2020-06-06,QE Olympic Park 10K - June,6.2 mi,London
2020-06-06,"Newbury Racecourse 5K, 10K & Half Marathon",13.1 mi • 6.2 mi • 3.1 mi,Newbury
2020-06-06,Coombe Abba Festival - 10k & 5k,6.2 mi • 3.1 mi • 0.6 mi,Coventry
2020-06-06,Mid Summer 10k,6.2 mi,London
2020-06-06,Calderdale Way Ultra Races,50.5 mi • 28.5 mi,Todmorden
2020-06-06,The Welsh 3000 Run Challenge,27.0 mi,Pen-y-Pass
2020-06-06,Heineken Race To The Castle,62.1 mi • 31.1 mi,Bamburgh
2020-06-06,RR Orbiter,6.2 mi,Salisbury
2020-06-06,Abney 5k Trail Run – June,3.1 mi,Cheadle
2020-06-06,Willowbrook Halewood 5k – June,3.1 mi,Liverpool
2020-06-06,No Walk in the Park 5k - June,3.1 mi • 0.9 mi,Chesterfield
2020-06-07,Cheltenham Running Festival - June,13.1 mi • 6.2 mi • 3.1 mi,Cheltenham
2020-06-07,Pizza Run - Glasgow,6.2 mi • 3.1 mi • 1.0 mi,Glasgow
2020-06-07,Asda Foundation Derby Half Marathon,6.2 mi,Derby
2020-06-07,The Medway 10K,6.2 mi • 0.3 mi,Gillingham
2020-06-07,Regent’s Park - 10K - June,6.2 mi,London
2020-06-07,The KM Colour Run,3.1 mi,Deal
2020-06-07,Llyn Brenig 9.5 Mile (15K) & Canicross,9.3 mi,Cerrigydrudion
2020-06-07,Huddersfield Marathon & Half Marathon,26.2 mi • 13.1 mi,Huddersfield
2020-06-07,Collingbourne Half Marathon,13.1 mi • 6.2 mi,Ludgershall
2020-06-07,River Meon Marathon,26.2 mi,Wickham
2020-06-07,Great Fire of London Running Tour - Walk/Run or Steady (11-13 minute miles),3.1 mi,London
2020-05-30,Chester Ultra 100,100.0 mi,Waverton
2020-05-30,Abersoch 10 K,6.2 mi,Abersoch
2020-05-31,Run4Colour - East Anglia,3.1 mi,Hockwold cum Wilton
2020-05-31,Folkestone Coastal 10K,6.2 mi,Folkestone
2020-05-31,The Peak District Monsal Trail 10 Mile,10.0 mi • 1.0 mi,Bakewell
2020-05-31,Alexandra Palace 5K & 10K,6.2 mi,London
2020-05-31,Burrator 10K,6.2 mi • 1.2 mi • 0.6 mi,Yelverton
2020-05-31,ASDA Foundation Nottingham 10K,6.2 mi,Nottingham
2020-05-31,Wolverhampton West Park 5k & 10k,6.2 mi • 3.1 mi,Wolverhampton
2020-05-31,Shoreditch Street Art Running Tour - Steady (10 - 12 minute mile) and Speedy (Less than 10 min/mile),6.2 mi,London
2020-05-31,Needles Cross Country Half Marathon,13.1 mi,Newport
2020-05-31,Run 4 Colour,3.1 mi,Hockwold cum Wilton
2020-05-31,Ripon 10,10.0 mi,Ripon
2020-05-31,Epic Man Windermere Middle Standard Distance,6.2 mi,Ulverston
2020-06-01,Rapid Rabbit 5K,3.1 mi,London
2020-06-03,Chase the Sun Hyde Park - June,6.2 mi • 3.1 mi,London
2020-06-03,Wimbledon Trail Series Race 2,5.0 mi,London
2020-06-03,The Bedgebury Pinetum Summer 10k & 5K Series – Race 2,6.2 mi • 3.1 mi,Goudhurst
2020-06-03,Ice Cream 5k & 10k Series - Race 1,6.2 mi • 3.1 mi • 0.6 mi,Horwich
2020-06-04,Great Fire of London Running Tour - Steady (11-13 minute miles),3.1 mi,London
2020-06-05,The Charing 10K,6.2 mi • 0.6 mi,Charing
2020-06-06,Cambridgeshire Summer Run,10.0 mi,Peterborough
2020-06-06,Pizza Run - Newcastle,6.2 mi • 3.1 mi • 1.0 mi,Newcastle upon Tyne
2020-06-06,The Henley Trail Run,6.2 mi • 3.1 mi,Henley-on-Thames
2020-05-24,Race for Life 10K & 5K – Belfast,6.2 mi,Belfast
2020-05-25,The Mid Sussex Burgess Hill 10K,6.2 mi • 1.0 mi • 0.3 mi,Burgess Hill
2020-05-25,"Vitality London 10,000",6.2 mi,London
2020-05-25,London 10 000,6.2 mi,London
2020-05-25,The Bristol Severn,28.0 mi,Frampton on Severn
2020-05-26,Ipswich Summer 5K Series - Race 1,3.1 mi,Ipswich
2020-05-26,Clwydian Midweek Series - Moel Y Gamelin,4.3 mi,Denbighshire
2020-05-26,Shoreditch Street Art Running Tour - Half Walk/Half Run,6.2 mi,London
2020-05-27,Levens 10k,6.2 mi,Kendal
2020-05-27,Chase the Sun Battersea Park,6.2 mi • 3.1 mi,London
2020-05-27,The Forces March,135.0 mi,Ilfracombe
2020-05-27,Forces March,135.0 mi,Ilfracombe
2020-05-29,The Peak District Carsington Water 10K,6.2 mi • 1.0 mi,Derbyshire
2020-05-29,Craft Beer of the East End Running Tour - Pace 1 (sub 11 minute miles),5.0 mi,London
2020-05-30,Abersoch 10K & 3K Beach Race,6.2 mi • 1.9 mi,Abersoch
2020-05-30,Maverick Adidas Terrex Original - Dorset,14.9 mi • 9.9 mi • 5.0 mi,Swanage
2020-05-30,The Peak District Tissington Trail 10 Mile,10.0 mi • 1.0 mi,Buxton
2020-05-30,ROC 24,3.1 mi • 1.0 mi,Ipswich
2020-05-30,RunThrough Lee Valley VeloPark – May,13.1 mi • 10.0 mi • 6.2 mi • 3.1 mi • 1.0 mi,London
2020-05-30,Viking 100 Endurance Run,100.0 mi,Reculver
2020-05-30,Craft Beer of the East End Running Tour - Pace 2 (11-13 minute miles),5.0 mi,London
2020-05-30,Abersoch Land Sea 10 K,1.9 mi,Bromley
2020-05-30,Loch Ness 360 Ultra Marathon,80.2 mi,Inverness
2020-05-30,Darkathlon Kielder,15.0 mi,Hexham
2020-05-21,Run2Paris,240.0 mi,London
2020-05-21,Severn Challenge,217.0 mi • 58.0 mi • 45.0 mi • 27.0 mi,Holt Heath
2020-05-22,The Severn Plod Ultra,45.0 mi,Caersws
2020-05-22,RunFestRun,6.2 mi,England
2020-05-23,Edinburgh Marathon Festival,26.2 mi • 13.1 mi • 6.2 mi • 3.1 mi,Edinburgh
2020-05-23,Olympic Park 5K & 10K - May,6.2 mi • 3.1 mi,London
2020-05-23,"Hamsterley Forest 10K, Half Marathon & Marathon - May",26.2 mi • 13.1 mi • 6.2 mi,"Hamster, Redford"
2020-05-23,Mid Sussex East Grinstead 10 Mile,10.0 mi • 1.0 mi • 0.3 mi,East Grinstead
2020-05-23,"Paul Lavelle Foundation 10K, 5K & Golden Mile",6.2 mi • 3.1 mi • 1.0 mi,Hoylake
2020-05-23,The Grand Union Canal Race,145.0 mi,Birmingham
2020-05-23,Hardmoors 110,110.0 mi,Filey
2020-05-23,The Drop - York,30.0 mi • 15.0 mi • 10.0 mi,York
2020-05-23,The Severn Path Ultra,60.0 mi,Shrewsbury
2020-05-23,Olympic Run Challenge,5.2 mi,Northampton
2020-05-24,Great Manchester Run,13.1 mi • 6.2 mi • 1.6 mi • 0.9 mi,Manchester
2020-05-24,The Marlow Classic,1.9 mi • 0.9 mi,Marlow
2020-05-24,The Mid Sussex Haywards Heath 10 Mile,10.0 mi • 5.0 mi • 1.0 mi • 0.3 mi,Haywards Heath
2020-05-24,Kingspan Half Marathon & 10K Run,13.1 mi • 6.2 mi,Minehead
2020-05-24,The Pen Llyn Trail & Coastal Series,26.2 mi • 13.1 mi • 6.2 mi,Lon Golff
2020-05-24,The Drop - Doncaster,15.0 mi • 10.0 mi,Barnby Dun
2020-05-24,The Hardmoors 200,200.0 mi,Kingston upon Hull
2020-05-24,Cape Wrath Ultra®,248.5 mi,Fort William
2020-05-24,The Severn Way Ultra,60.0 mi,Worcester
2020-05-24,Northallerton 10K,6.2 mi,Northallerton
2020-05-17,Royal Windsor Half Marathon & 10k River Trail Run,13.1 mi • 6.2 mi,Windsor
2020-05-17,Britain’s Ocean City Half Marathon,13.1 mi,Plymouth
2020-05-17,The Hastings Runners 5 Mile Race,5.0 mi,Hastings
2020-05-17,Anglesey Trail Half Marathon & 10k,13.1 mi • 6.2 mi,Llanfairpwllgwyngyll
2020-05-17,Anderton Boat Lift 10K & 1 Mile Fun Run,6.2 mi • 1.0 mi,Northwich
2020-05-17,Exeter Live Better Marathon,26.2 mi,Exeter
2020-05-17,Wallingford Thames Run,6.2 mi • 3.1 mi,Crowmarsh Gifford
2020-05-17,Southwick Village Summer 10K,6.2 mi,Southwick
2020-05-17,Crime & Punishment Running Tour - Steady Pace 10 - 12 minutes per mile,6.2 mi,London
2020-05-17,Race for Life 5K & 10K – Glasgow,6.2 mi • 3.1 mi,Glasgow
2020-05-17,Brathay 5 K,3.1 mi,Ambleside
2020-05-17,Snowdonia Half Marathon,13.1 mi,Llanrwst
2020-05-17,Richmond Park Marathon,26.2 mi,Richmond
2020-05-17,Worcester half and full marathon,26.2 mi,Hindlip
2020-05-17,ASICS Windermere Marathon,26.2 mi,Clappersgate
2020-05-17,Rutland 10 K,6.2 mi,Oakham
2020-05-19,The Derby Summer 5k Series Race One,3.1 mi,Derby
2020-05-20,Chase the Sun Wimbledon – May,6.2 mi • 3.1 mi,London
2020-05-20,Seas the Day,13.1 mi,Holland-on-Sea
2020-05-20,The Nottingham 5k Summer Series- Race 1,3.1 mi,Colwick
2020-05-20,The Forces March,135.0 mi,Ilfracombe
2020-05-20,Askern 10K,6.2 mi,Askern
2020-05-21,Run Media City 5k & 10k - May,6.2 mi • 3.1 mi,Salford
2020-05-21,The Leicester City 5K Summer Series – Race 1,3.1 mi,Leicester
2020-05-15,Cape Wrath Challenge Marathon,13.1 mi • 10.0 mi • 6.2 mi • 6.0 mi • 4.0 mi,Lairg
2020-05-15,The Three Peaks Challenge in 3 days,26.2 mi,Seascale
2020-05-15,Summer Rebellion,134.8 mi,Knighton
2020-05-16,Pizza Run - Bristol,6.2 mi • 3.1 mi • 1.0 mi,Bristol
2020-05-16,Jurassic Coast Challenge,62.1 mi • 36.0 mi • 26.1 mi • 21.1 mi • 14.9 mi,Charmouth
2020-05-16,"The Northants 'Shires and Spires Event' - Ultra 35, Marathon, Half Marathon, 10K",35.0 mi • 26.6 mi • 13.4 mi • 6.2 mi,Naseby
2020-05-16,Maverick Adidas Terrex X & Snowdonia,83.3 mi • 32.3 mi • 26.1 mi • 14.3 mi • 10.6 mi,Caernarfon
2020-05-16,Run Richmond Park 5k and 10k Race 8,6.2 mi • 3.1 mi,Richmond
2020-05-16,The Century,26.2 mi,Rayne
2020-05-16,The ROC - Spring,2.9 mi,Abersoch
2020-05-16,24 Hours South- The Offa's Dyke Ultra,,Prestatyn
2020-05-16,The Bedgebury 10k & 5k Canicross Challenge,6.2 mi • 3.1 mi,Goudhurst
2020-05-16,Leicestershire Round Series Leg 1,32.9 mi,Hinckley
2020-05-16,Pilgrims Trail 60,60.0 mi,Bangor
2020-05-16,Tyne Trail Ultra South,43.5 mi,Garrigill
2020-05-16,Blackpool Promenade 10 Miler,10.0 mi,Blackpool
2020-05-16,Carmarthenshire Coast 15 Mile Challenge,15.0 mi,Blue Boar Square
2020-05-16,Jurassic Coast Challenge,62.1 mi,Poole
2020-05-16,Run For the 96,3.1 mi • 1.0 mi,Liverpool
2020-05-16,Northants Ultra Shires And Spires,35.0 mi,Naseby
2020-05-16,Jurassic Beast,70.0 mi • 43.0 mi,Bovington
2020-05-17,Hackney Half Marathon,13.1 mi,London
2020-05-17,Essar Chester Half Marathon,13.1 mi,Chester
2020-05-17,Colchester Stampede 10K,6.2 mi,Colchester
2020-05-10,Draycote Water May - 10K & 10 Mile,10.0 mi • 6.2 mi,Kites Hardwick
2020-05-10,Ciderthon Half Marathon,13.1 mi • 3.1 mi,Taunton
2020-05-10,Sandwell Valley Park 10 and 5K,6.2 mi • 3.1 mi,West Bromwich
2020-05-10,Northampton 10K,6.2 mi,Northampton
2020-05-10,RunThrough Tatton 10K – May,6.2 mi,Knutsford
2020-05-10,Race The Tide,28.5 mi • 15.5 mi • 8.5 mi,Mothecombe
2020-05-10,The Llangollen Round Run Challenge,33.0 mi,Llangollen
2020-05-10,The Secret Gin Run 10K - Walk-run & Steady pace (10-12mins/mile),6.2 mi,London
2020-05-10,Excalibur Marathon,26.2 mi • 13.1 mi • 6.2 mi,Mold
2020-05-10,Montane Trail 26 13 Howgills,26.2 mi • 13.1 mi • 0.6 mi,Sedbergh
2020-05-10,Roche Abbey Trail Running Festival,32.0 mi • 26.2 mi • 20.0 mi • 13.1 mi • 6.2 mi,Maltby
2020-05-10,Lichfield Half Marathon,13.1 mi,Lichfield
2020-05-10,Bury to Clare Challenge,18.0 mi,Bury Saint Edmunds
2020-05-10,Tewkesbury Half Marathon,13.1 mi,Tewkesbury
2020-05-10,Cranleigh Trail Marathon,26.2 mi • 13.1 mi,Cranleigh
2020-05-10,Relativity Run,5.3 mi,Northfleet
2020-05-10,Montane Howgills Trail 13 & 26,26.2 mi • 13.1 mi,Sedbergh
2020-05-10,Green Park Reading 10 K,6.2 mi • 1.9 mi • 1.0 mi,Reading
2020-05-12,The Gosport 5K Summer Series – Race 2,3.1 mi • 0.6 mi,Gosport
2020-05-13,Drayton Rollercoaster 5K & 10K - May,6.2 mi • 3.1 mi,Fazeley
2020-05-13,Chase the Sun Olympic Park - May,6.2 mi • 3.1 mi,London
2020-05-13,The Secret Gin Run 10K - Steady (10-12 mins/mile),6.2 mi,London
2020-05-14,Dinton Pastures 5km & 10km Summer Series - May,6.2 mi • 3.1 mi,Reading
2020-05-14,Chase the Sun Leicestershire - May,6.2 mi • 3.1 mi • 1.0 mi,Loughborough
2020-05-07,Great Fire of London Running Tour - Steady (11-13 minute miles),3.1 mi,London
2020-05-08,"Crystal Palace 5K, 10K & Half Marathon - May",13.1 mi • 6.2 mi • 3.1 mi,London
2020-05-08,Brathay 10in10,26.2 mi,Clappersgate
2020-05-08,VE Day Challenge Run,5.3 mi,Northfleet
2020-05-09,"Bewl Water 10K, Half Marathon, Marathon & Ultra",37.5 mi • 26.2 mi • 13.1 mi • 6.2 mi,Wadhurst
2020-05-09,The Fix Events All Nations 5K and 10K Run - Dorney Lake,6.2 mi • 3.1 mi,Windsor
2020-05-09,Battersea Park 5k & 10k - May,6.2 mi • 3.1 mi,London
2020-05-09,London Spring 10K,6.2 mi • 2.0 mi • 0.5 mi,London
2020-05-09,Dulux London Revolution Trails,32.2 mi • 27.0 mi • 13.7 mi,Marlow
2020-05-09,"Essex Cross Country Series, Hylands Park 10K - May",6.2 mi,Chelmsford
2020-05-09,The Drop - Brighouse,30.0 mi • 15.0 mi • 10.0 mi,Brighouse
2020-05-09,Dragon Seeker 60 Ultra,37.3 mi,Aust
2020-05-09,The Secret Gin Run 10K - Speedy (sub 10mins/mile) & Steady (10-12mins/mile),6.2 mi,London
2020-05-09,Chiltern Hills Challenge,36.0 mi,Tring Station
2020-05-09,Chilterns 30,18.6 mi,Tring Station
2020-05-09,VE Day Anniversay 10 K,6.2 mi,Bedford
2020-05-09,Malvern Hills Ultra,38.0 mi • 31.0 mi,Worcester
2020-05-09,Very British Challenge,3.7 mi,Northfleet
2020-05-10,Leeds Half Marathon,13.1 mi,Leeds
2020-05-10,Marlow 5,5.0 mi,Marlow
2020-05-10,Reading 10K,6.2 mi • 1.9 mi • 1.0 mi,Reading
2020-05-10,Tewkesbury Half Marathon,13.1 mi,Tewkesbury
2020-05-10,Henley Half Marathon & 10k Trail Run,13.1 mi • 6.2 mi,Henley-on-Thames
2020-05-10,Wimbledon Half Marathon & 10K – May,13.1 mi • 6.2 mi,London
2020-05-03,Milton Keynes Marathon Weekend,26.2 mi • 13.1 mi • 3.1 mi • 1.5 mi,Milton Keynes
2020-05-03,Regent's Park - 10K - May,6.2 mi,London
2020-05-03,Llangollen Trail 10k,6.2 mi,Llangollen
2020-05-03,The 9th Rye 10 & 5 Mile,10.0 mi • 5.0 mi,Peasmarsh
2020-05-03,The North Dorset Village Marathon,27.3 mi,Sturminster Newton
2020-05-03,"Run Heaton 5k, 10k & Half Marathon - May",13.1 mi • 6.2 mi • 3.1 mi,Manchester
2020-05-03,"Bridport Half Marathon, 10km, 5km",13.1 mi • 6.2 mi • 3.1 mi,Bridport
2020-05-03,THE 2 LAKES TRAIL RACES,13.1 mi • 6.2 mi • 3.1 mi,Wales
2020-05-03,Stroud Trail Marathon & Half Marathon,35.0 mi • 26.2 mi • 13.1 mi • 6.5 mi,Stroud
2020-05-03,Great Fire of London Running Tour - Steady (11-13 minute miles) & Speedy (sub-11 minute miles),3.1 mi,London
2020-05-03,Liverpool Spring 10K & 5K,6.2 mi • 3.1 mi • 0.6 mi,Liverpool
2020-05-03,Superhero Fun Run,1.6 mi,Bletchley
2020-05-03,Marathon Relay,6.2 mi,Bletchley
2020-05-03,Alderley Edge 10 K,6.2 mi • 1.0 mi,Alderley Edge
2020-05-03,Asda Foundation Gear 10K,6.2 mi,King's Lynn
2020-05-03,Belfast City Marathon,26.2 mi • 2.5 mi,Belfast
2020-05-03,Mid Sussex Marathon Weekend,10.0 mi,Hailsham
2020-05-03,North Lincolnshire Half Marathon,13.1 mi,Scunthorpe
2020-05-04,May The Be With You,26.2 mi • 13.1 mi,Craven Arms
2020-05-06,Chase the Sun Hyde Park - May,6.2 mi • 3.1 mi,London
2020-05-06,Wimbledon Trail Series Race 1,5.0 mi,London
2020-05-06,The Bedgebury Pinetum Summer 10k & 5k Series - Race 1,6.2 mi • 3.1 mi,Goudhurst
2020-05-06,Bluebell Challenge,,Nuneaton
2020-05-06,Kendal 10k,6.2 mi,Kendal
2020-04-28,The I Can Run Ipswich Spring 5k,3.1 mi • 1.6 mi,Ipswich
2020-04-28,Salcey Spring Challenge,,Northamptonshire
2020-04-28,Clwydian Midweek Series - Moel Dywyll,4.6 mi,Hendrerwydd
2020-04-28,Shoreditch Street Art Running Tour - Steady (10 - 12 minute mile),6.2 mi,London
2020-04-29,Chase the Sun Battersea Park 5K & 10K - April,6.2 mi • 3.1 mi,London
2020-04-30,The City v Wharf Individual and Team Run Challenge - April,,London
2020-04-30,Jack the Ripper Running Tour - Speedy (10K at 10 min/mile pace),6.2 mi,London
2020-05-01,The Devil’s Challenge,96.9 mi • 33.7 mi • 30.8 mi • 29.9 mi,Winchester
2020-05-02,Pizza Run - Nottingham,6.2 mi • 3.1 mi • 1.0 mi,Nottingham
2020-05-02,Isle of Wight Challenge,65.9 mi • 33.6 mi • 32.3 mi • 15.5 mi,Ventnor
2020-05-02,"Victoria Park 5K, 10K & Half Marathon - May",13.1 mi • 6.2 mi • 3.1 mi,London
2020-05-02,QE Olympic Park 10K - May,6.2 mi,London
2020-05-02,Peckham 10K,6.2 mi,London
2020-05-02,Blackwater Trail Events,40.0 mi • 26.2 mi • 13.1 mi,Chelmsford
2020-05-02,Maverick Adidas Terrex Original - Surrey,15.5 mi • 8.1 mi • 4.3 mi,Great Bookham
2020-05-02,Thames Path 100,100.0 mi,Richmond
2020-05-02,No Walk in the Park 5k – May,3.1 mi • 0.9 mi,Chesterfield
2020-05-02,Ranscombe Spring Challenge,,Cuxton
2020-05-02,Ultra Scotland 50,100.0 mi • 50.0 mi,Saint John's Town of Dalry
2020-05-02,Willowbrook Halewood 5k – May,3.1 mi,Liverpool
2020-05-02,Brecon Beacons Trail Running Challenge,26.2 mi • 25.9 mi • 6.2 mi,Brecon
2020-05-02,Abney 5k Trail Run – May,3.1 mi,Cheadle
2020-05-02,Tiree 10k & Half Marathon,13.1 mi • 6.2 mi,Isle of Tiree
2020-05-03,Great Bristol 10K,6.2 mi • 1.0 mi,Bristol
2020-04-25,RunThrough Lee Valley VeloPark – April,13.1 mi • 10.0 mi • 6.2 mi • 3.1 mi • 1.0 mi,London
2020-04-25,The Fox,37.3 mi • 26.1 mi • 13.0 mi,Godalming
2020-04-25,Forest of Light Run - Sherwood Pines,1.9 mi,Edwinstowe
2020-04-25,Jurassic Trail East Meets West,26.2 mi • 13.1 mi • 6.2 mi • 3.7 mi • 3.1 mi,Bridport
2020-04-25,Ras Dewi Sant (Coast Path Marathon/Half Marathon/10k),26.2 mi • 13.1 mi • 6.2 mi,St Davids
2020-04-25,Craft Beer of the East End Running Tour - Pace 1 (sub 11 minute miles),5.0 mi,London
2020-04-25,Craft Beer of the East End Running Tour - Pace 1 (sub 11 minute miles),5.0 mi,London
2020-04-25,Unicorn Run,5.3 mi,Northfleet
2020-04-25,Three Peaks Race,24.0 mi,Settle
2020-04-25,Derwentwater Dawdle,23.0 mi,Braithwaite
2020-04-26,Virgin Money London Marathon,26.2 mi,London
2020-04-26,"ABP Southampton Marathon, Half, 10k & Mile",26.2 mi • 13.0 mi • 6.2 mi • 1.0 mi,Southampton
2020-04-26,The Tissington Trail Marathon,26.2 mi,Ashbourne
2020-04-26,Stride for Life 10K,6.2 mi • 3.1 mi,Bridgwater
2020-04-26,The Wendover Woods Trail Marathon,26.2 mi,Halton
2020-04-26,The Clinic Maer 10km & Half Marathon,13.0 mi • 6.2 mi,Exmouth
2020-04-26,Sea 2 Summit - The Offas Dyke Marathon & Half Marathon,32.0 mi • 26.2 mi • 13.1 mi,Prestatyn
2020-04-26,Washington Trail 10K,6.2 mi,Washington
2020-04-26,Shoreditch Street Art Running Tour - Half Walk/Half Run or Steady (10 - 12 minute mile),6.2 mi,London
2020-04-26,Bolton 10K,6.2 mi,Bolton
2020-04-26,Angmering Bluebell Trail Runs,10.0 mi • 6.2 mi,Patching
2020-04-26,The Reject Run,,Cuxton
2020-04-26,ABP Half 10 K,6.2 mi,Southampton
2020-04-26,The Breckland Forest Marathon,26.2 mi • 13.1 mi,Thetford
2020-04-19,Regent's Park Half Marathon,13.1 mi,London
2020-04-19,Runthrough Tatton 10K – April,6.2 mi,Knutsford
2020-04-19,Grape and Grain Run,4.3 mi,Portchester
2020-04-19,Bluebell 13K,8.1 mi,Aldbury
2020-04-19,The Dam Spring 10k,6.2 mi,Newmillerdam
2020-04-19,Crime & Punishment Running Tour - Speedy Pace 10 min. miles or less,6.2 mi,London
2020-04-19,Bungay Festival of Running,26.2 mi • 13.1 mi • 6.2 mi • 3.1 mi,Bungay
2020-04-19,Mersey Tunnel 10K,6.2 mi,Liverpool
2020-04-19,Frinton And Walton Half Marathon,13.1 mi,Frinton-on-Sea
2020-04-19,The Sagittarian Challenge,6.2 mi,Winchester
2020-04-19,Leicester’s Big 10K,6.2 mi,Leicester
2020-04-19,Run in the Woods,6.2 mi • 1.9 mi,Bourne
2020-04-19,The Pendine Sands Races,32.6 mi • 13.1 mi • 6.2 mi,Pendine
2020-04-19,Bungay Black Dog Marathon,13.1 mi • 6.2 mi • 3.1 mi,Bungay
2020-04-19,North Lincs Cyclosportive,100.0 mi,Brigg
2020-04-19,The Longhorn,37.3 mi • 26.2 mi • 13.1 mi • 6.2 mi,Newark
2020-04-22,Chase the Sun Brixton - April,6.2 mi • 3.1 mi,London
2020-04-22,The Orchid London River Run 10k & 5k,6.2 mi • 3.1 mi,London
2020-04-23,Run Media City 5K and 10K – April,6.2 mi • 3.1 mi,Salford
2020-04-23,Jack the Ripper Running Tour - Steady (10k in 10 - 12 minute miles),6.2 mi,London
2020-04-23,St George’s Day Marathon,26.2 mi,Walmer
2020-04-24,Craft Beer of the East End Running Tour - Pace 2 (11-13 minute miles),5.0 mi,London
2020-04-25,Pizza Run - Surrey,6.2 mi • 3.1 mi • 1.0 mi,Weybridge
2020-04-25,Maverick Adidas Terrex Original - Suffolk,14.9 mi • 10.6 mi • 5.6 mi,Woodbridge
2020-04-15,Maverick Adidas Terrex X & Ultra Black Mountains,76.4 mi • 31.1 mi • 26.1 mi • 13.0 mi • 6.2 mi,Brecon
2020-04-15,Chase the Sun Hyde Park 5K and 10K - April,6.2 mi • 3.1 mi,London
2020-04-15,The Secret Gin Run 10K - Walk-run pace,6.2 mi,London
2020-04-16,Jack the Ripper Running Tour - Steady (10k in 10 - 12 minute miles),6.2 mi,London
2020-04-18,RunThrough Hyde Park 5K & 10K – April,6.2 mi • 3.1 mi,London
2020-04-18,Worden Park 5k & 1 Mile Fun Run,3.1 mi • 1.0 mi,Leyland
2020-04-18,Run Richmond Park 5k and 10k Race 7,6.2 mi,Richmond
2020-04-18,Worden Park 5K & 1 Mile Fun Run,3.1 mi • 1.0 mi,Leyland
2020-04-18,The Oldham Way – Red Rose Ultra,40.0 mi,Delph
2020-04-18,Malvern Hills Trail Half Marathon,13.1 mi,West Malvern
2020-04-18,Joe Turner's Sweat,31.1 mi,South Molton
2020-04-18,Total Coastal Ultra,30.0 mi,Kingswear
2020-04-18,Northern Traverse,190.0 mi,Saint Bees
2020-04-18,Centurion Track 100,100.0 mi,Kennington
2020-04-18,Kent 50 Mile Endurance Run,50.0 mi • 6.3 mi,Reculver
2020-04-19,Brighton Marathon Weekend,31.1 mi • 26.2 mi • 6.2 mi • 1.0 mi,Brighton
2020-04-19,Blenheim 7k Fun Run,4.3 mi • 4.0 mi • 1.0 mi,Blenheim Palace Grounds
2020-04-19,Boston Marathon UK,26.2 mi • 13.1 mi • 3.0 mi,Boston
2020-04-19,The Asda Foundation Hull Running Festival,13.1 mi • 6.2 mi,Hull
2020-04-19,RunThrough Goodwood Motor Circuit Grand Prix - April,26.2 mi • 20.0 mi • 13.1 mi • 6.2 mi • 3.1 mi,Chichester
2020-04-19,Woodley 10K & 2.5K,6.2 mi • 1.6 mi,Woodley
2020-04-19,"Run Dorney Lake: Half Marathon, 10K, 5K - April",13.0 mi • 6.2 mi • 3.1 mi,Dorney
2020-04-19,"Croxley Park 5K, 10K & 1 Mile Fun Run",6.2 mi • 3.1 mi • 1.0 mi,Croxley Park
2020-04-19,The Bushy Spring 10K & 5K,6.2 mi • 3.1 mi,Molesey
2020-04-05,Kilomathon Mini,1.6 mi,Edinburgh
2020-04-05,Kilomathon 13 1 K,8.1 mi,Edinburgh
2020-04-05,Thetford 5 K Easter Bunny Run,3.1 mi,Thetford
2020-04-08,Chase the Sun Olympic Park - April,6.2 mi • 3.1 mi,London
2020-04-09,Jack the Ripper Running Tour - Walk/Run,6.2 mi,London
2020-04-10,"Easter Victoria Park 5K, 10K and Half Marathon - April",13.1 mi • 6.2 mi • 3.1 mi,London
2020-04-10,The Bridlington Easter 5 Mile Dash,5.0 mi • 2.0 mi • 0.3 mi,Bridlington
2020-04-10,Fast Friday 10k,6.2 mi,Exeter
2020-04-10,M2L Manchester to Liverpool Ultra,50.0 mi,Stretford
2020-04-11,The Llandudno Easter 5K Promenade Dash,3.1 mi • 0.6 mi,Llandudno
2020-04-11,Battersea Park 5k & 10k – April,6.2 mi • 3.1 mi,London
2020-04-11,Magna Carta Marathon & Half Marathon,26.2 mi • 13.1 mi,Egham
2020-04-11,"Gregynog Wales 10K, Half Marathon, Marathon & Ultra Road Race",31.1 mi • 26.2 mi • 13.1 mi • 6.2 mi,Tregynon
2020-04-11,The Secret Gin Run 10K - Walk-run & Steady pace (10-12mins/mile),6.2 mi,London
2020-04-11,Northampton Cakeathon,5.2 mi,Northampton
2020-04-12,The Official 5K Rev Run,3.1 mi,London
2020-04-12,Gateshead Half Marathon,13.1 mi,Gateshead
2020-04-12,Draycote Water April - 10k & Half Marathon,13.1 mi • 6.2 mi,Rugby
2020-04-12,The Chasewater Easter Egg 10k & 5k,6.2 mi • 3.1 mi • 0.4 mi,Burntwood
2020-04-12,Run Livingston,13.1 mi • 6.2 mi,Livingston
2020-04-12,The Secret Gin Run 10K - Speedy (sub 10mins/mile) & Steady (10-12mins/mile),6.2 mi,London
2020-04-12,The Healing Zone Half Marathon,13.1 mi,Northfleet
2020-04-13,London Easter 10K,6.2 mi • 2.0 mi • 0.5 mi,London
2020-04-14,The Gosport 5K Summer Series – Race 1,3.1 mi • 0.6 mi,Gosport
2020-04-05,Warwick Grand National Run,4.3 mi,Warwick
2020-04-05,The PodPlus Kent Spring Marathon & Half Marathon,26.2 mi • 13.1 mi,Charing
2020-04-05,Wimbledon Common Half Marathon – April,13.1 mi,London
2020-04-05,Sanlam Coast Half Marathon,13.1 mi,Colwyn Bay
2020-04-05,Regent's Park 10K - April,6.2 mi,London
2020-04-05,Putney & Fulham Half Marathon – April,13.1 mi,London
2020-04-05,Rifle Run,6.2 mi,High Wycombe
2020-04-05,Grand Union Canal - Half Marathon - April,13.1 mi,Uxbridge
2020-04-05,Brentford Sports FEST,6.2 mi • 3.1 mi • 0.6 mi,Brentford
2020-04-05,The Lowestoft Promenade 5 Mile Promenade Dash,5.0 mi • 1.0 mi,Royal Plain
2020-04-05,Life is a Beach,26.2 mi,Holland-on-Sea
2020-04-05,Great Welsh Marathon,26.2 mi • 13.1 mi,Llanelli
2020-04-05,Sublime Peterborough Marathon,26.2 mi,Peterborough
2020-04-05,Once Upon A Run,,Walton-on-Thames
2020-04-05,Mickleham Off-Road Running and/or Mountain Bike Event,,Mickleham
2020-04-05,Great Fire of London Running Tour - Walk/Run or Steady (11-13 minute miles),3.1 mi,London
2020-04-05,Taunton Marathon & Half Marathon,26.2 mi • 13.1 mi,Taunton
2020-04-05,The Rutland Spring Half Marathon,13.1 mi,Oakham
2020-04-05,Flat Caps 10k,6.2 mi,Sowerby Bridge
2020-04-05,Fleetwood 10k,6.2 mi,Fleetwood
2020-04-05,Race To The Castle 10 K,6.2 mi,Lancaster
2020-04-05,Coast Half Marathon,13.1 mi,Colwyn Bay
2020-04-05,Belvoir Half Marathon,13.1 mi • 4.3 mi,Hose
2020-04-05,Brun Valley Trail 10K,6.2 mi,Burnley
2020-04-04,Cowman City Trail Duathlon,6.2 mi • 3.1 mi,Milton Keynes
2020-04-04,Run Northumberland Cragside 10k,6.2 mi • 3.1 mi • 1.2 mi,Morpeth
2020-04-04,Endurancelife Coastal Trail Series – Exmoor,32.8 mi • 26.3 mi • 13.1 mi • 6.2 mi,East Dean
2020-04-04,Testway Ultra,50.0 mi • 40.0 mi,Linkenholt
2020-04-04,The World's Steepest Street Run,3.1 mi,Harlech
2020-04-04,Forest of Light Run - Thetford Forest,1.9 mi,Brandon
2020-04-04,Hundred Acres CX,13.1 mi • 6.2 mi • 3.1 mi,Fareham
2020-04-04,Salcey Forest 10k,6.2 mi,Northampton
2020-04-04,South Downs Way 50,50.0 mi,Worthing
2020-04-04,Ten in Ten & Twenty in Twenty Run Series,,Walton-on-Thames
2020-04-04,Discover Run the Wild Half - Spring,13.0 mi,Tring Station
2020-04-04,South West Coast Path Trail Running Challenge,28.0 mi • 13.7 mi • 7.5 mi,Kingsbridge
2020-04-04,The ONER,82.0 mi • 20.0 mi,Lyme Regis
2020-04-04,No Walk in the Park 5k – April,3.1 mi • 0.9 mi,Chesterfield
2020-04-04,Kielder Ultra Trail,51.0 mi • 31.1 mi • 19.9 mi,Kielder
2020-04-04,Caudwell Children Colour Runner,3.1 mi • 1.2 mi,Stoke-on-Trent
2020-04-04,Abney 5k Trail Run – April,3.1 mi,Cheadle
2020-04-04,Trailhead Get Jerky Devils Staircase Ultra,31.1 mi,Llanwrtyd Wells
2020-04-04,Calderdale Hike,36.0 mi • 26.2 mi,Sowerby Bridge
2020-04-05,Reading Half Marathon,13.1 mi • 1.9 mi,Reading
2020-04-05,Manchester Marathon,26.2 mi,Stretford
2020-04-05,adidas City Runs - 1 Hour,,London
2020-04-05,BHF Health-on-Line Bournemouth Bay Run,13.1 mi • 6.2 mi • 0.6 mi,Pier Approach
2020-04-05,Kilomathon Scotland,8.1 mi • 4.1 mi • 1.6 mi,Edinburgh
2020-03-29,Wokingham 10K & 5K,6.2 mi • 3.1 mi,Reading
2020-03-29,The Sherwood Pines Half Marathon & 10k,13.1 mi • 6.2 mi,Edwinstowe
2020-03-29,The Kymin Dash,7.0 mi,Monmouth
2020-03-29,Hyde Park: Royal Parks Winter 10K Series - February,6.2 mi,London
2020-03-29,Wickham 20 Mile & 10k,20.0 mi • 6.2 mi,Fareham
2020-03-29,The Hiraethog Trail Run Challenge,42.4 mi,Pentrefoelas
2020-03-29,Shoreditch Street Art Running Tour - Steady (10 - 12 minute mile) and Speedy (Less than 10 min/mile),6.2 mi,London
2020-03-29,Forest of Dean Spring Trails Half Marathon,13.0 mi,Coleford
2020-03-29,Hartlepool Marina 5 Mile Road Race,5.0 mi,Hartlepool
2020-03-29,Merthyr Half Marathon,13.1 mi,Merthyr Tydfil
2020-03-29,Buttermere 10 Trail Run,12.4 mi • 10.0 mi,Cockermouth
2020-03-29,The Dorset Ooser Marathon Half Marathon,13.1 mi,Dorchester
2020-03-29,Hastings Half-Marathon,13.1 mi • 1.6 mi,Hastings
2020-03-29,Alloa Half Marathon,13.1 mi,Alloa
2020-03-29,The Canalathon,62.1 mi • 46.6 mi • 31.1 mi,Manchester
2020-03-29,Hastings Half Marathon,13.1 mi,Richmond
2020-03-29,Derby 10k,6.2 mi • 1.9 mi,Derby
2020-03-29,Run Garioch,13.1 mi • 6.2 mi • 3.1 mi,Inverurie
2020-03-31,Clwydian Midweek Series - Moel Y Parc,3.7 mi,Denbigh
2020-03-31,Shoreditch Street Art Running Tour - Steady (10 - 12 minute mile),6.2 mi,London
2020-04-02,Jack the Ripper Running Tour - Speedy (10K at 10 min/mile pace),6.2 mi,London
2020-04-02,Great Fire of London Running Tour - Speedy (sub-11 minute miles),3.1 mi,London
2020-04-04,"Thames Valley Spring 5K, 10K, 15K, Half Marathon & Duathlon",13.1 mi • 9.3 mi • 6.2 mi • 3.1 mi,Windsor
2020-04-04,QE Olympic Park 10K - April,6.2 mi,London
2020-03-27,Jack the Ripper Running Tour - Steady (10k in 10 - 12 minute miles),6.2 mi,London
2020-03-27,Craft Beer of the East End Running Tour - Pace 1 (sub 11 minute miles),5.0 mi,London
2020-03-28,Run Richmond Park 5k and 10k Race 6,6.2 mi • 3.1 mi,Richmond
2020-03-28,RunThrough Lee Valley VeloPark – March,13.1 mi • 10.0 mi • 6.2 mi • 3.1 mi • 1.0 mi,London
2020-03-28,Rose of the Shires Ultra,54.0 mi,Northampton
2020-03-28,Fit Together Canicross Racing Winter - Spring Series Race 3,3.4 mi,Challock
2020-03-28,Langsett 10,6.2 mi,Stocksbridge
2020-03-28,Craft Beer of the East End Running Tour - Pace 2 (11-13 minute miles),5.0 mi,London
2020-03-28,Run To The Sea,31.1 mi,Bournemouth
2020-03-28,Trent Park 5K Monthly Handicap – March,3.1 mi,Barnet
2020-03-28,Totally Nutty Nut Run,3.3 mi,Dover
2020-03-28,Cardigan 10,6.2 mi,Cardigan
2020-03-29,London Landmarks Half Marathon,13.1 mi,London
2020-03-29,Weston Super Half,13.1 mi • 1.0 mi,Weston-super-Mare
2020-03-29,Wakefield Hospice 10k,6.2 mi,Wakefield
2020-03-29,Sheffield Half Marathon,13.1 mi,Sheffield
2020-03-29,Brecon Carreg Cardiff Bay Run,6.2 mi • 1.2 mi,Cardiff
2020-03-29,Royal Borough of Kingston Spring Raceday,20.0 mi • 16.0 mi • 8.0 mi,Kingston upon Thames
2020-03-29,Regency 10k,6.2 mi,Leamington Spa
2020-03-29,Colchester Half Marathon,13.1 mi,Colchester
2020-03-29,Loughborough Half Marathon,13.1 mi,Loughborough
2020-03-29,"Marathon Prep, Dorney Lake: 16 mile, 20 mile, 24 mile - March",24.0 mi • 20.0 mi • 16.0 mi,Dorney
2020-03-29,Richmond Park Spring 10K & 5K,6.2 mi • 3.1 mi,Richmond
2020-03-29,Battersea Park 5k & 10k- March,6.2 mi • 3.1 mi,London
2020-03-21,2XU Jogle,860.0 mi,John o' Groats
2020-03-21,The Leeds & Liverpool Canal Canter – Day 1,32.0 mi • 26.2 mi • 20.0 mi • 13.1 mi • 10.0 mi,Leeds
2020-03-21,Mother’s Day 10k,6.2 mi,Lancaster
2020-03-21,Lulworth Cove Trail Running Challenge,32.3 mi • 28.6 mi • 13.1 mi • 6.2 mi,Wareham
2020-03-21,Yorkshire Cakeathon,6.5 mi,Penistone
2020-03-22,Weymouth Half Marathon,13.1 mi,Weymouth
2020-03-22,Run Whitstable & Herne Bay Spring 5k and 10k,6.2 mi • 3.1 mi • 0.9 mi,Herne Bay
2020-03-22,The Bedgebury Forest Spring 10K,6.2 mi,Goudhurst
2020-03-22,"RunThrough Heaton 5K, 10K & Half Marathon - March",13.1 mi • 6.2 mi • 3.1 mi,Manchester
2020-03-22,Birmingham Insurance Institute Fun Run,6.2 mi • 3.1 mi,Tamworth
2020-03-22,"Run Dorney Lake: Half Marathon, 10K, 5K - March",13.0 mi • 6.2 mi • 3.1 mi,Dorney
2020-03-22,Reigate Priory Park 10K,6.2 mi,Reigate
2020-03-22,Running Grand Prix Bedford Autodrome - March,26.2 mi • 20.0 mi • 16.0 mi • 13.1 mi • 6.2 mi • 3.1 mi,Bedford
2020-03-22,The Pike & Back Half Marathon,13.1 mi,Bolton
2020-03-22,March Marathon Training Run,20.0 mi,Hemel Hempstead
2020-03-22,Born to Run 5K & 10K,6.2 mi • 3.1 mi,Hertford
2020-03-22,Effingham Off-Road Running and/or Mountain Bike Event,,Effingham
2020-03-22,Winter 10k Build Up Series - March,6.2 mi,Aldbury
2020-03-22,Medway Megalith Marathon,26.2 mi • 13.1 mi,Vigo Village
2020-03-22,Four Season Spring 6 Hour Challenge,4.4 mi,Bedford
2020-03-22,Perseverance Richmond Half and 10k,13.1 mi • 6.2 mi • 1.0 mi,Richmond
2020-03-22,Run For Mum,13.1 mi • 6.2 mi • 3.1 mi,London
2020-03-25,Swan Challenge,,Bodymoor Heath
2020-03-26,The Gravesend Floodlit 10K and 5K Series – Race 6,6.2 mi • 3.1 mi,Gravesend
2020-03-15,Brightlingsea Challenge & 6 Hour Challenge,26.2 mi,Brightlingsea
2020-03-15,Where’s Wally? Fun Run 2020,6.2 mi • 3.1 mi • 0.6 mi,London
2020-03-15,Crime & Punishment Running Tour - Steady Pace 10 - 12 minutes per mile,6.2 mi,London
2020-03-15,Stanwick Lakes Spring Run,13.1 mi • 6.2 mi • 3.1 mi,Stanwick
2020-03-15,Brentwood Half Marathon,13.1 mi • 2.9 mi,Brentwood
2020-03-15,Fleet Half Marathon,13.1 mi • 1.0 mi,Fleet
2020-03-15,Stafford Half Marathon,13.1 mi • 1.0 mi,Stafford
2020-03-15,Trimpell 20 Miles,20.0 mi,Lancaster
2020-03-15,Wheres Wally,6.2 mi • 3.1 mi • 0.6 mi,London
2020-03-15,ASICS Fleet Half Marathon,13.1 mi • 1.0 mi,Fleet
2020-03-15,The Moyleman Marathon,26.2 mi,Lewes
2020-03-15,Run Falmouth,13.1 mi,Falmouth
2020-03-15,ALDI Ashby 20,20.0 mi,Ashby-de-la-Zouch
2020-03-15,Epilepsy Action Bradford 10K,6.2 mi,Bradford
2020-03-19,Bigfoot Challenge,3.3 mi,Daventry
2020-03-20,Jack the Ripper Running Tour - Walk/Run,6.2 mi,London
2020-03-21,Olympic Park 5k and 10k - March,6.2 mi • 3.1 mi,London
2020-03-21,"Conquer Crystal Palace Spring 5k, 10k, 15k and Half Marathon",13.1 mi • 9.3 mi • 6.2 mi • 3.1 mi,London
2020-03-21,Cheshire 10k- March,6.2 mi,Northwich
2020-03-21,Deep River Trail Races,13.1 mi • 6.2 mi,Exeter
2020-03-21,Maverick Adidas Terrex Original - Buckinghamshire,13.7 mi • 8.7 mi • 5.0 mi,Princes Risborough
2020-03-21,The Monsal Trail Half Marathon & 10K Weekend,13.1 mi • 6.2 mi,Bakewell
2020-03-21,Mad March 10K,6.2 mi,London
2020-03-21,Dee Valley & North Berwyn Way Run Challenge,30.0 mi,Llangollen
2020-03-10,"The Mornington Chasers, Regent's Park - 10K Series - March",6.2 mi,London
2020-03-11,Chase the Moon Olympic Park – March,6.2 mi • 3.1 mi,London
2020-03-11,The Secret Gin Run 10K - Steady (10-12 mins/mile),6.2 mi,London
2020-03-13,"Beat Beethoven 5K - Media City, March",3.1 mi,Salford
2020-03-13,Jack the Ripper Running Tour - Speedy (10K at 10 min/mile pace),6.2 mi,London
2020-03-14,"Windsor & Eton 5km, 10km, 15km, Half Marathon & Duathlon",13.0 mi • 9.3 mi • 6.2 mi • 3.1 mi,Windsor
2020-03-14,St Paddy’s Day Purgatory 5k & 10K,6.2 mi • 3.1 mi,Sheffield
2020-03-14,The Richmond Spring Riverside 10k Run,6.2 mi,Richmond
2020-03-14,The Drop Manchester - March,15.0 mi • 10.0 mi,Manchester
2020-03-14,Windsor Eton 5 K 10 K 15 K Run,3.1 mi,Dorney
2020-03-15,Milton Keynes Festival of Running,20.0 mi • 13.1 mi • 6.2 mi • 3.1 mi,Milton Keynes
2020-03-15,Bath Half Marathon,13.1 mi • 4.0 mi,Bath
2020-03-15,Hampton Court Palace Half Marathon,13.1 mi,Molesey
2020-03-15,Liverpool Half Marathon & 10 Mile,13.1 mi • 10.0 mi,Liverpool
2020-03-15,Goring 10k,6.2 mi,Goring
2020-03-15,Dartford Half Marathon,13.1 mi,Dartford
2020-03-15,"Mud & Mayhem Thetford - Duathlon, Trail Race, Canicross",9.3 mi • 6.2 mi • 3.1 mi,Brandon
2020-03-15,The Croydon Half Marathon,13.1 mi,Croydon
2020-03-15,The Oundle 20 Mile Road Race,20.0 mi • 1.0 mi,Oundle
2020-03-15,Tiger Beetle 10K,6.2 mi,Southport
2020-03-15,Victoria Park Half Marathon & 10K - March,13.0 mi • 6.2 mi,London
2020-03-15,Weymouth Bay 10K,6.2 mi,Weymouth
2020-03-15,"Red Warrior Half Marathon, 5K, 10K, & Canicross 10K",13.1 mi • 6.2 mi • 3.1 mi,Pembrey
2020-03-15,Run For Chocolate – Southampton,6.2 mi • 3.1 mi,Southampton
2020-03-08,Saucony Cambridge Half Marathon,13.1 mi,Cambridge
2020-03-08,ALDI Chester 10K,6.2 mi,Chester
2020-03-08,Surrey Half Marathon,13.1 mi • 3.1 mi • 1.2 mi,Woking
2020-03-08,The Brett Lydd 20 Mile & Half Marathon,20.0 mi • 13.1 mi • 1.0 mi,Lydd
2020-03-08,The Nottingham 5k and 10k Winter Warmer Run,6.2 mi • 3.1 mi,Nottingham
2020-03-08,RunThrough Tatton 10K – March,6.2 mi,Knutsford
2020-03-08,Bushy Park 10K,6.2 mi,Hampton
2020-03-08,Anderton Boat Lift Half Marathon,13.1 mi,Northwich
2020-03-08,Draycote Water 10K & 20 Mile- March,20.0 mi • 6.2 mi,Rugby
2020-03-08,"Denbighshire 5k, 10k & Kids 1 Mile",6.2 mi • 3.1 mi • 1.0 mi,Denbigh
2020-03-08,Richmond Park Half Marathon - March,13.1 mi,Richmond
2020-03-08,Hot Toddy Road Race,6.2 mi • 1.0 mi,Todmorden
2020-03-08,The Secret Gin Run 10K - Walk-run & Steady pace (10-12mins/mile),6.2 mi,London
2020-03-08,High Legh 10k,6.2 mi,High Legh
2020-03-08,Inspire Trail 5 K 10 K 10 M,10.0 mi • 6.2 mi • 3.1 mi,Merthyr Tydfil
2020-03-08,New Longton 10k & 1 Mile Family Fun Run,6.2 mi • 1.0 mi,New Longton
2020-03-08,Florette Fradley 10k,6.2 mi,Fradley
2020-03-08,Inverness Half Marathon,13.1 mi • 3.1 mi,Inverness
2020-03-08,Funky Pants Challenge,4.4 mi,Ashford
2020-03-08,Locke Park 20 Miler,20.0 mi • 10.0 mi,Redcar
2020-03-08,Freedom 20 10 Miler,20.0 mi • 10.0 mi,Wrexham
2020-03-08,Wrexham Marathon Festival,20.0 mi • 10.0 mi,Gwersyllt
2020-03-08,Cambridge Boundary Run,13.1 mi,Cambridge
2020-03-10,Longleat 10k,6.2 mi • 2.0 mi,Warminster
